record_id	target_gene	target_symbol_reported	sample_id	model_or_sample	sample_type	disease_or_context	species	native_or_engineered	measurement_method	measurement_semantics	reported_unit	value_qualifier	value_central	value_lower	value_upper	uncertainty_type	uncertainty_value	replicate_count	positive_cell_fraction	cells_measured	preanalytical_condition	record_partition	evidence_grade	admissible_for_absolute_scale	admissible_for_native_biology	source_title	source_year	source_doi	source_url	source_locator	extraction_note
MAJZNER_CD19_45851	CD19	CD19	NALM6-CD19-high-45851	NALM6-CD19-high-45851	engineered cancer cell-line calibration model	B-ALL model	human	engineered	quantitative antigen-density characterization reported by study	molecule_count	molecules/cell	exact_reported	45851									calibration_reference	CAL	yes	no	Tuning the Antigen Density Requirement for CAR T Cell Activity	2020	10.1158/2159-8290.CD-19-0945	https://www.escholarship.org/content/qt80m5z7zj/qt80m5z7zj_noSplash_9363bb55c7428228c698a070d3740aaa.pdf	Results, Figure 2-associated text	Engineered CD19-expression ladder; use for modality-threshold calibration, not native prevalence.
MAJZNER_CD19_2053	CD19	CD19	NALM6-CD19-low-2053	NALM6-CD19-low-2053	engineered cancer cell-line calibration model	B-ALL model	human	engineered	quantitative antigen-density characterization reported by study	molecule_count	molecules/cell	exact_reported	2053									calibration_reference	CAL	yes	no	Tuning the Antigen Density Requirement for CAR T Cell Activity	2020	10.1158/2159-8290.CD-19-0945	https://www.escholarship.org/content/qt80m5z7zj/qt80m5z7zj_noSplash_9363bb55c7428228c698a070d3740aaa.pdf	Results, Figure 2-associated text	Engineered CD19-expression ladder; use for modality-threshold calibration, not native prevalence.
MAJZNER_CD19_963	CD19	CD19	NALM6-CD19-low-963	NALM6-CD19-low-963	engineered cancer cell-line calibration model	B-ALL model	human	engineered	quantitative antigen-density characterization reported by study	molecule_count	molecules/cell	exact_reported	963									calibration_reference	CAL	yes	no	Tuning the Antigen Density Requirement for CAR T Cell Activity	2020	10.1158/2159-8290.CD-19-0945	https://www.escholarship.org/content/qt80m5z7zj/qt80m5z7zj_noSplash_9363bb55c7428228c698a070d3740aaa.pdf	Results, Figure 2-associated text	Engineered CD19-expression ladder; use for modality-threshold calibration, not native prevalence.
NERRETER_CD19_M007_NEG	CD19	CD19	M007	Primary myeloma sample M007	primary patient tumor cells	multiple myeloma	human	native	dSTORM single-molecule localization microscopy	direct_molecule_count	molecules/cell	explicit_negative							0			explicit_negative	A	no	yes	Super-resolution microscopy reveals ultra-low CD19 expression on myeloma cells that triggers elimination by CD19 CAR-T	2019	10.1038/s41467-019-10948-w	https://www.nature.com/articles/s41467-019-10948-w.pdf	Table 1	Table reports dSTORM-positive cells = 0%.
NERRETER_CD19_M011_NEG	CD19	CD19	M011	Primary myeloma sample M011	primary patient tumor cells	multiple myeloma	human	native	dSTORM single-molecule localization microscopy	direct_molecule_count	molecules/cell	explicit_negative							0			explicit_negative	A	no	yes	Super-resolution microscopy reveals ultra-low CD19 expression on myeloma cells that triggers elimination by CD19 CAR-T	2019	10.1038/s41467-019-10948-w	https://www.nature.com/articles/s41467-019-10948-w.pdf	Table 1	Table reports dSTORM-positive cells = 0%.
NERRETER_CD19_M014_NEG	CD19	CD19	M014	Primary myeloma sample M014	primary patient tumor cells	multiple myeloma	human	native	dSTORM single-molecule localization microscopy	direct_molecule_count	molecules/cell	explicit_negative							0			explicit_negative	A	no	yes	Super-resolution microscopy reveals ultra-low CD19 expression on myeloma cells that triggers elimination by CD19 CAR-T	2019	10.1038/s41467-019-10948-w	https://www.nature.com/articles/s41467-019-10948-w.pdf	Table 1	Table reports dSTORM-positive cells = 0%.
NERRETER_CD19_M015_NEG	CD19	CD19	M015	Primary myeloma sample M015	primary patient tumor cells	multiple myeloma	human	native	dSTORM single-molecule localization microscopy	direct_molecule_count	molecules/cell	explicit_negative							0			explicit_negative	A	no	yes	Super-resolution microscopy reveals ultra-low CD19 expression on myeloma cells that triggers elimination by CD19 CAR-T	2019	10.1038/s41467-019-10948-w	https://www.nature.com/articles/s41467-019-10948-w.pdf	Table 1	Table reports dSTORM-positive cells = 0%.
TEMBHARE_CLL_16_CD25_NEG	IL2RA	CD25	CLL-16	CLL patient 16	primary patient tumor cells	untreated chronic lymphocytic leukemia	human	native	Quantibrite PE calibrated flow cytometry	antibody_binding_capacity	ABC/cell	explicit_negative										explicit_negative	A	no	yes	Quantification of Expression of Antigens Targeted by Antibody-Based Therapy in Chronic Lymphocytic Leukemia	2013	10.1309/AJCPYFQ4XMGJD6TI	https://pmc.ncbi.nlm.nih.gov/articles/PMC4698892/	Table 2	Table reports NEG; sex=F; age=55
TEMBHARE_CLL_20_CD25_NEG	IL2RA	CD25	CLL-20	CLL patient 20	primary patient tumor cells	untreated chronic lymphocytic leukemia	human	native	Quantibrite PE calibrated flow cytometry	antibody_binding_capacity	ABC/cell	explicit_negative										explicit_negative	A	no	yes	Quantification of Expression of Antigens Targeted by Antibody-Based Therapy in Chronic Lymphocytic Leukemia	2013	10.1309/AJCPYFQ4XMGJD6TI	https://pmc.ncbi.nlm.nih.gov/articles/PMC4698892/	Table 2	Table reports NEG; sex=F; age=67
TEMBHARE_CLL_22_CD25_NEG	IL2RA	CD25	CLL-22	CLL patient 22	primary patient tumor cells	untreated chronic lymphocytic leukemia	human	native	Quantibrite PE calibrated flow cytometry	antibody_binding_capacity	ABC/cell	explicit_negative										explicit_negative	A	no	yes	Quantification of Expression of Antigens Targeted by Antibody-Based Therapy in Chronic Lymphocytic Leukemia	2013	10.1309/AJCPYFQ4XMGJD6TI	https://pmc.ncbi.nlm.nih.gov/articles/PMC4698892/	Table 2	Table reports NEG; sex=M; age=47
TEMBHARE_CLL_09_CD25_NEG	IL2RA	CD25	CLL-09	CLL patient 9	primary patient tumor cells	untreated chronic lymphocytic leukemia	human	native	Quantibrite PE calibrated flow cytometry	antibody_binding_capacity	ABC/cell	explicit_negative										explicit_negative	A	no	yes	Quantification of Expression of Antigens Targeted by Antibody-Based Therapy in Chronic Lymphocytic Leukemia	2013	10.1309/AJCPYFQ4XMGJD6TI	https://pmc.ncbi.nlm.nih.gov/articles/PMC4698892/	Table 2	Table reports NEG; sex=M; age=31
MENTINK_EpCAM_LNCAP_FIXED	EPCAM	EpCAM	LNCaP	LNCaP	native cancer cell line method control	prostate cancer	human	native	PE-calibrated quantitative flow cytometry	fluorophore_equivalent_proxy	PE-equivalent molecules/cell	median	213430								1% formaldehyde fixed	method_control	QC	no	no	Measuring antigen expression of cancer cell lines and circulating tumour cells	2023	10.1038/s41598-023-33179-y	https://www.nature.com/articles/s41598-023-33179-y	Supplementary Table 1 / main text	Paired fixation control; retained to quantify preanalytical bias, not as independent biology.
MENTINK_HER2_LNCAP_FIXED	ERBB2	HER2	LNCaP	LNCaP	native cancer cell line method control	prostate cancer	human	native	PE-calibrated quantitative flow cytometry	fluorophore_equivalent_proxy	PE-equivalent molecules/cell	median	9133								1% formaldehyde fixed	method_control	QC	no	no	Measuring antigen expression of cancer cell lines and circulating tumour cells	2023	10.1038/s41598-023-33179-y	https://www.nature.com/articles/s41598-023-33179-y	Supplementary Table 1 / main text	Paired fixation control; retained to quantify preanalytical bias, not as independent biology.
SAPSKI_EGFR_A431	EGFR	EGFR	A431	A431	native cancer cell line	solid tumor cell-line panel	human	native	QIFIKIT calibrated flow cytometry	antigen_density	molecules/cell	lower_bound		572000								native_cell_line	B-	yes	yes	Influence of antigen density and immunosuppressive factors on tumor-targeted costimulation with antibody-fusion proteins and bispecific antibody-mediated T cell response	2020	10.1007/s00262-020-02624-6	https://d-nb.info/1215328990/34	Main text; Supplementary Table 1 referenced	Main-text rounded value or bound; preserve qualifier and do not treat as exact.
SAPSKI_EGFR_A549	EGFR	EGFR	A549	A549	native cancer cell line	solid tumor cell-line panel	human	native	QIFIKIT calibrated flow cytometry	antigen_density	molecules/cell	approximate	80000									native_cell_line	B-	yes	yes	Influence of antigen density and immunosuppressive factors on tumor-targeted costimulation with antibody-fusion proteins and bispecific antibody-mediated T cell response	2020	10.1007/s00262-020-02624-6	https://d-nb.info/1215328990/34	Main text; Supplementary Table 1 referenced	Main-text rounded value or bound; preserve qualifier and do not treat as exact.
SAPSKI_EGFR_Colo205	EGFR	EGFR	Colo205	Colo205	native cancer cell line	solid tumor cell-line panel	human	native	QIFIKIT calibrated flow cytometry	antigen_density	molecules/cell	approximate	5000									native_cell_line	B-	yes	yes	Influence of antigen density and immunosuppressive factors on tumor-targeted costimulation with antibody-fusion proteins and bispecific antibody-mediated T cell response	2020	10.1007/s00262-020-02624-6	https://d-nb.info/1215328990/34	Main text; Supplementary Table 1 referenced	Main-text rounded value or bound; preserve qualifier and do not treat as exact.
JARANTOW_EGFR_H1650	EGFR	EGFR	H1650	H1650	native cancer cell line	solid tumor cell-line panel	human	native	monovalent Quantibrite PE calibrated flow cytometry	monovalent_epitope_count	epitopes/cell	mean	121000			SE	1741	1				native_cell_line	B	yes	yes	Impact of Cell-Surface Antigen Expression on Target Engagement and Function of an EGFR x c-Met Bispecific Antibody	2015	10.1074/jbc.M115.651653	https://www.researchgate.net/profile/Mark-Chiu/publication/280906785_Impact_of_Cell-Surface_Antigen_Expression_on_Target_Engagement_and_Function_of_an_EGFR_x_c-Met_Bispecific_Antibody/links/585be88908ae8fce48faa84c/Impact-of-Cell-Surface-Antigen-Expression-on-Target-Engagement-and-Function-of-an-EGFR-x-c-Met-Bispecific-Antibody.pdf?origin=publication_detail	Table 3	Monovalent antibody measurement; estimate intended to approximate epitopes/cell. Saturation estimated by regression; table footnote reports regression-derived SE.
JARANTOW_EGFR_H1975	EGFR	EGFR	H1975	H1975	native cancer cell line	solid tumor cell-line panel	human	native	monovalent Quantibrite PE calibrated flow cytometry	monovalent_epitope_count	epitopes/cell	mean	63200			SE	2560	3				native_cell_line	B	yes	yes	Impact of Cell-Surface Antigen Expression on Target Engagement and Function of an EGFR x c-Met Bispecific Antibody	2015	10.1074/jbc.M115.651653	https://www.researchgate.net/profile/Mark-Chiu/publication/280906785_Impact_of_Cell-Surface_Antigen_Expression_on_Target_Engagement_and_Function_of_an_EGFR_x_c-Met_Bispecific_Antibody/links/585be88908ae8fce48faa84c/Impact-of-Cell-Surface-Antigen-Expression-on-Target-Engagement-and-Function-of-an-EGFR-x-c-Met-Bispecific-Antibody.pdf?origin=publication_detail	Table 3	Monovalent antibody measurement; estimate intended to approximate epitopes/cell.
JARANTOW_EGFR_H1993	EGFR	EGFR	H1993	H1993	native cancer cell line	solid tumor cell-line panel	human	native	monovalent Quantibrite PE calibrated flow cytometry	monovalent_epitope_count	epitopes/cell	mean	325000			SE	7990	4				native_cell_line	B	yes	yes	Impact of Cell-Surface Antigen Expression on Target Engagement and Function of an EGFR x c-Met Bispecific Antibody	2015	10.1074/jbc.M115.651653	https://www.researchgate.net/profile/Mark-Chiu/publication/280906785_Impact_of_Cell-Surface_Antigen_Expression_on_Target_Engagement_and_Function_of_an_EGFR_x_c-Met_Bispecific_Antibody/links/585be88908ae8fce48faa84c/Impact-of-Cell-Surface-Antigen-Expression-on-Target-Engagement-and-Function-of-an-EGFR-x-c-Met-Bispecific-Antibody.pdf?origin=publication_detail	Table 3	Monovalent antibody measurement; estimate intended to approximate epitopes/cell.
JARANTOW_EGFR_H292	EGFR	EGFR	H292	H292	native cancer cell line	solid tumor cell-line panel	human	native	monovalent Quantibrite PE calibrated flow cytometry	monovalent_epitope_count	epitopes/cell	mean	357000			SE	8270	2				native_cell_line	B	yes	yes	Impact of Cell-Surface Antigen Expression on Target Engagement and Function of an EGFR x c-Met Bispecific Antibody	2015	10.1074/jbc.M115.651653	https://www.researchgate.net/profile/Mark-Chiu/publication/280906785_Impact_of_Cell-Surface_Antigen_Expression_on_Target_Engagement_and_Function_of_an_EGFR_x_c-Met_Bispecific_Antibody/links/585be88908ae8fce48faa84c/Impact-of-Cell-Surface-Antigen-Expression-on-Target-Engagement-and-Function-of-an-EGFR-x-c-Met-Bispecific-Antibody.pdf?origin=publication_detail	Table 3	Monovalent antibody measurement; estimate intended to approximate epitopes/cell.
JARANTOW_EGFR_H2935	EGFR	EGFR	H2935	H2935	native cancer cell line	solid tumor cell-line panel	human	native	monovalent Quantibrite PE calibrated flow cytometry	monovalent_epitope_count	epitopes/cell	mean	134000			SE	15428	1				native_cell_line	B	yes	yes	Impact of Cell-Surface Antigen Expression on Target Engagement and Function of an EGFR x c-Met Bispecific Antibody	2015	10.1074/jbc.M115.651653	https://www.researchgate.net/profile/Mark-Chiu/publication/280906785_Impact_of_Cell-Surface_Antigen_Expression_on_Target_Engagement_and_Function_of_an_EGFR_x_c-Met_Bispecific_Antibody/links/585be88908ae8fce48faa84c/Impact-of-Cell-Surface-Antigen-Expression-on-Target-Engagement-and-Function-of-an-EGFR-x-c-Met-Bispecific-Antibody.pdf?origin=publication_detail	Table 3	Monovalent antibody measurement; estimate intended to approximate epitopes/cell. Saturation estimated by regression; table footnote reports regression-derived SE.
JARANTOW_EGFR_H3255	EGFR	EGFR	H3255	H3255	native cancer cell line	solid tumor cell-line panel	human	native	monovalent Quantibrite PE calibrated flow cytometry	monovalent_epitope_count	epitopes/cell	mean	823000			SE	15039	1				native_cell_line	B	yes	yes	Impact of Cell-Surface Antigen Expression on Target Engagement and Function of an EGFR x c-Met Bispecific Antibody	2015	10.1074/jbc.M115.651653	https://www.researchgate.net/profile/Mark-Chiu/publication/280906785_Impact_of_Cell-Surface_Antigen_Expression_on_Target_Engagement_and_Function_of_an_EGFR_x_c-Met_Bispecific_Antibody/links/585be88908ae8fce48faa84c/Impact-of-Cell-Surface-Antigen-Expression-on-Target-Engagement-and-Function-of-an-EGFR-x-c-Met-Bispecific-Antibody.pdf?origin=publication_detail	Table 3	Monovalent antibody measurement; estimate intended to approximate epitopes/cell. Saturation estimated by regression; table footnote reports regression-derived SE.
JARANTOW_EGFR_H820	EGFR	EGFR	H820	H820	native cancer cell line	solid tumor cell-line panel	human	native	monovalent Quantibrite PE calibrated flow cytometry	monovalent_epitope_count	epitopes/cell	mean	111000			SE	1410	2				native_cell_line	B	yes	yes	Impact of Cell-Surface Antigen Expression on Target Engagement and Function of an EGFR x c-Met Bispecific Antibody	2015	10.1074/jbc.M115.651653	https://www.researchgate.net/profile/Mark-Chiu/publication/280906785_Impact_of_Cell-Surface_Antigen_Expression_on_Target_Engagement_and_Function_of_an_EGFR_x_c-Met_Bispecific_Antibody/links/585be88908ae8fce48faa84c/Impact-of-Cell-Surface-Antigen-Expression-on-Target-Engagement-and-Function-of-an-EGFR-x-c-Met-Bispecific-Antibody.pdf?origin=publication_detail	Table 3	Monovalent antibody measurement; estimate intended to approximate epitopes/cell.
JARANTOW_EGFR_HCC4006	EGFR	EGFR	HCC4006	HCC4006	native cancer cell line	solid tumor cell-line panel	human	native	monovalent Quantibrite PE calibrated flow cytometry	monovalent_epitope_count	epitopes/cell	mean	90900			SE	7852	1				native_cell_line	B	yes	yes	Impact of Cell-Surface Antigen Expression on Target Engagement and Function of an EGFR x c-Met Bispecific Antibody	2015	10.1074/jbc.M115.651653	https://www.researchgate.net/profile/Mark-Chiu/publication/280906785_Impact_of_Cell-Surface_Antigen_Expression_on_Target_Engagement_and_Function_of_an_EGFR_x_c-Met_Bispecific_Antibody/links/585be88908ae8fce48faa84c/Impact-of-Cell-Surface-Antigen-Expression-on-Target-Engagement-and-Function-of-an-EGFR-x-c-Met-Bispecific-Antibody.pdf?origin=publication_detail	Table 3	Monovalent antibody measurement; estimate intended to approximate epitopes/cell. Saturation estimated by regression; table footnote reports regression-derived SE.
JARANTOW_EGFR_HCC827	EGFR	EGFR	HCC827	HCC827	native cancer cell line	solid tumor cell-line panel	human	native	monovalent Quantibrite PE calibrated flow cytometry	monovalent_epitope_count	epitopes/cell	mean	401000			SE	12700	2				native_cell_line	B	yes	yes	Impact of Cell-Surface Antigen Expression on Target Engagement and Function of an EGFR x c-Met Bispecific Antibody	2015	10.1074/jbc.M115.651653	https://www.researchgate.net/profile/Mark-Chiu/publication/280906785_Impact_of_Cell-Surface_Antigen_Expression_on_Target_Engagement_and_Function_of_an_EGFR_x_c-Met_Bispecific_Antibody/links/585be88908ae8fce48faa84c/Impact-of-Cell-Surface-Antigen-Expression-on-Target-Engagement-and-Function-of-an-EGFR-x-c-Met-Bispecific-Antibody.pdf?origin=publication_detail	Table 3	Monovalent antibody measurement; estimate intended to approximate epitopes/cell.
SAPSKI_EGFR_HCT-116	EGFR	EGFR	HCT-116	HCT-116	native cancer cell line	solid tumor cell-line panel	human	native	QIFIKIT calibrated flow cytometry	antigen_density	molecules/cell	approximate	17000									native_cell_line	B-	yes	yes	Influence of antigen density and immunosuppressive factors on tumor-targeted costimulation with antibody-fusion proteins and bispecific antibody-mediated T cell response	2020	10.1007/s00262-020-02624-6	https://d-nb.info/1215328990/34	Main text; Supplementary Table 1 referenced	Main-text rounded value or bound; preserve qualifier and do not treat as exact.
SAPSKI_EGFR_LS174T	EGFR	EGFR	LS174T	LS174T	native cancer cell line	solid tumor cell-line panel	human	native	QIFIKIT calibrated flow cytometry	antigen_density	molecules/cell	approximate	29000									native_cell_line	B-	yes	yes	Influence of antigen density and immunosuppressive factors on tumor-targeted costimulation with antibody-fusion proteins and bispecific antibody-mediated T cell response	2020	10.1007/s00262-020-02624-6	https://d-nb.info/1215328990/34	Main text; Supplementary Table 1 referenced	Main-text rounded value or bound; preserve qualifier and do not treat as exact.
SAPSKI_EGFR_Lovo	EGFR	EGFR	Lovo	Lovo	native cancer cell line	solid tumor cell-line panel	human	native	QIFIKIT calibrated flow cytometry	antigen_density	molecules/cell	approximate	182000									native_cell_line	B-	yes	yes	Influence of antigen density and immunosuppressive factors on tumor-targeted costimulation with antibody-fusion proteins and bispecific antibody-mediated T cell response	2020	10.1007/s00262-020-02624-6	https://d-nb.info/1215328990/34	Main text; Supplementary Table 1 referenced	Main-text rounded value or bound; preserve qualifier and do not treat as exact.
SAPSKI_EGFR_NCI-H460	EGFR	EGFR	NCI-H460	NCI-H460	native cancer cell line	solid tumor cell-line panel	human	native	QIFIKIT calibrated flow cytometry	antigen_density	molecules/cell	approximate	42000									native_cell_line	B-	yes	yes	Influence of antigen density and immunosuppressive factors on tumor-targeted costimulation with antibody-fusion proteins and bispecific antibody-mediated T cell response	2020	10.1007/s00262-020-02624-6	https://d-nb.info/1215328990/34	Main text; Supplementary Table 1 referenced	Main-text rounded value or bound; preserve qualifier and do not treat as exact.
SAPSKI_EGFR_SK-BR-3	EGFR	EGFR	SK-BR-3	SK-BR-3	native cancer cell line	solid tumor cell-line panel	human	native	QIFIKIT calibrated flow cytometry	antigen_density	molecules/cell	approximate	33000									native_cell_line	B-	yes	yes	Influence of antigen density and immunosuppressive factors on tumor-targeted costimulation with antibody-fusion proteins and bispecific antibody-mediated T cell response	2020	10.1007/s00262-020-02624-6	https://d-nb.info/1215328990/34	Main text; Supplementary Table 1 referenced	Main-text rounded value or bound; preserve qualifier and do not treat as exact.
JARANTOW_EGFR_SK-MES-1	EGFR	EGFR	SK-MES-1	SK-MES-1	native cancer cell line	solid tumor cell-line panel	human	native	monovalent Quantibrite PE calibrated flow cytometry	monovalent_epitope_count	epitopes/cell	mean	167000			SE	7720	2				native_cell_line	B	yes	yes	Impact of Cell-Surface Antigen Expression on Target Engagement and Function of an EGFR x c-Met Bispecific Antibody	2015	10.1074/jbc.M115.651653	https://www.researchgate.net/profile/Mark-Chiu/publication/280906785_Impact_of_Cell-Surface_Antigen_Expression_on_Target_Engagement_and_Function_of_an_EGFR_x_c-Met_Bispecific_Antibody/links/585be88908ae8fce48faa84c/Impact-of-Cell-Surface-Antigen-Expression-on-Target-Engagement-and-Function-of-an-EGFR-x-c-Met-Bispecific-Antibody.pdf?origin=publication_detail	Table 3	Monovalent antibody measurement; estimate intended to approximate epitopes/cell.
JARANTOW_EGFR_SNU-5	EGFR	EGFR	SNU-5	SNU-5	native cancer cell line	solid tumor cell-line panel	human	native	monovalent Quantibrite PE calibrated flow cytometry	monovalent_epitope_count	epitopes/cell	mean	111000			SE	6960	3				native_cell_line	B	yes	yes	Impact of Cell-Surface Antigen Expression on Target Engagement and Function of an EGFR x c-Met Bispecific Antibody	2015	10.1074/jbc.M115.651653	https://www.researchgate.net/profile/Mark-Chiu/publication/280906785_Impact_of_Cell-Surface_Antigen_Expression_on_Target_Engagement_and_Function_of_an_EGFR_x_c-Met_Bispecific_Antibody/links/585be88908ae8fce48faa84c/Impact-of-Cell-Surface-Antigen-Expression-on-Target-Engagement-and-Function-of-an-EGFR-x-c-Met-Bispecific-Antibody.pdf?origin=publication_detail	Table 3	Monovalent antibody measurement; estimate intended to approximate epitopes/cell.
SAPSKI_EpCAM_A549	EPCAM	EpCAM	A549	A549	native cancer cell line	solid tumor cell-line panel	human	native	QIFIKIT calibrated flow cytometry	antigen_density	molecules/cell	approximate	8000									native_cell_line	B-	yes	yes	Influence of antigen density and immunosuppressive factors on tumor-targeted costimulation with antibody-fusion proteins and bispecific antibody-mediated T cell response	2020	10.1007/s00262-020-02624-6	https://d-nb.info/1215328990/34	Main text; Supplementary Table 1 referenced	Main-text rounded value or bound; preserve qualifier and do not treat as exact.
SAPSKI_EpCAM_HCT-116	EPCAM	EpCAM	HCT-116	HCT-116	native cancer cell line	solid tumor cell-line panel	human	native	QIFIKIT calibrated flow cytometry	antigen_density	molecules/cell	approximate	591000									native_cell_line	B-	yes	yes	Influence of antigen density and immunosuppressive factors on tumor-targeted costimulation with antibody-fusion proteins and bispecific antibody-mediated T cell response	2020	10.1007/s00262-020-02624-6	https://d-nb.info/1215328990/34	Main text; Supplementary Table 1 referenced	Main-text rounded value or bound; preserve qualifier and do not treat as exact.
MENTINK_EpCAM_LNCAP_UNFIXED	EPCAM	EpCAM	LNCaP	LNCaP	native cancer cell line	prostate cancer	human	native	PE-calibrated quantitative flow cytometry	fluorophore_equivalent_proxy	PE-equivalent molecules/cell	median	728738								unfixed	native_cell_line	B-	qualified	yes	Measuring antigen expression of cancer cell lines and circulating tumour cells	2023	10.1038/s41598-023-33179-y	https://www.nature.com/articles/s41598-023-33179-y	Supplementary Table 1 / main text	Unfixed biological measurement; PE-to-antigen stoichiometry not exact.
SAPSKI_EpCAM_LS174T	EPCAM	EpCAM	LS174T	LS174T	native cancer cell line	solid tumor cell-line panel	human	native	QIFIKIT calibrated flow cytometry	antigen_density	molecules/cell	approximate	602000									native_cell_line	B-	yes	yes	Influence of antigen density and immunosuppressive factors on tumor-targeted costimulation with antibody-fusion proteins and bispecific antibody-mediated T cell response	2020	10.1007/s00262-020-02624-6	https://d-nb.info/1215328990/34	Main text; Supplementary Table 1 referenced	Main-text rounded value or bound; preserve qualifier and do not treat as exact.
SAPSKI_EpCAM_Lovo	EPCAM	EpCAM	Lovo	Lovo	native cancer cell line	solid tumor cell-line panel	human	native	QIFIKIT calibrated flow cytometry	antigen_density	molecules/cell	lower_bound		769000								native_cell_line	B-	yes	yes	Influence of antigen density and immunosuppressive factors on tumor-targeted costimulation with antibody-fusion proteins and bispecific antibody-mediated T cell response	2020	10.1007/s00262-020-02624-6	https://d-nb.info/1215328990/34	Main text; Supplementary Table 1 referenced	Main-text rounded value or bound; preserve qualifier and do not treat as exact.
SAPSKI_EpCAM_NCI-H460	EPCAM	EpCAM	NCI-H460	NCI-H460	native cancer cell line	solid tumor cell-line panel	human	native	QIFIKIT calibrated flow cytometry	antigen_density	molecules/cell	upper_bound			2000							native_cell_line	B-	yes	yes	Influence of antigen density and immunosuppressive factors on tumor-targeted costimulation with antibody-fusion proteins and bispecific antibody-mediated T cell response	2020	10.1007/s00262-020-02624-6	https://d-nb.info/1215328990/34	Main text; Supplementary Table 1 referenced	Main-text rounded value or bound; preserve qualifier and do not treat as exact.
MENTINK_HER2_LNCAP_UNFIXED	ERBB2	HER2	LNCaP	LNCaP	native cancer cell line	prostate cancer	human	native	PE-calibrated quantitative flow cytometry	fluorophore_equivalent_proxy	PE-equivalent molecules/cell	median	46523								unfixed	native_cell_line	B-	qualified	yes	Measuring antigen expression of cancer cell lines and circulating tumour cells	2023	10.1038/s41598-023-33179-y	https://www.nature.com/articles/s41598-023-33179-y	Supplementary Table 1 / main text	Unfixed biological measurement; PE-to-antigen stoichiometry not exact.
GEIGER_FOLR1_HeLa	FOLR1	FOLR1	HeLa	HeLa	native cancer cell line	solid tumor model	human	native	QIFIKIT calibrated flow cytometry	antigen_binding_sites	ABS/cell	approximate	2000000									native_cell_line	B	yes	yes	Protease-activation using anti-idiotypic masks enables tumor specificity of a folate receptor 1-T cell bispecific antibody	2020	10.1038/s41467-020-16838-w	https://www.nature.com/articles/s41467-020-16838-w.pdf	Results, p.3	Main-text approximate value.
GEIGER_FOLR1_SK-OV-3	FOLR1	FOLR1	SK-OV-3	SK-OV-3	native cancer cell line	solid tumor model	human	native	QIFIKIT calibrated flow cytometry	antigen_binding_sites	ABS/cell	approximate	100000									native_cell_line	B	yes	yes	Protease-activation using anti-idiotypic masks enables tumor specificity of a folate receptor 1-T cell bispecific antibody	2020	10.1038/s41467-020-16838-w	https://www.nature.com/articles/s41467-020-16838-w.pdf	Results, p.3	Main-text approximate value.
JARANTOW_cMET_H1650	MET	c-MET	H1650	H1650	native cancer cell line	solid tumor cell-line panel	human	native	monovalent Quantibrite PE calibrated flow cytometry	monovalent_epitope_count	epitopes/cell	mean	56800			SE	2470	6				native_cell_line	B	yes	yes	Impact of Cell-Surface Antigen Expression on Target Engagement and Function of an EGFR x c-Met Bispecific Antibody	2015	10.1074/jbc.M115.651653	https://www.researchgate.net/profile/Mark-Chiu/publication/280906785_Impact_of_Cell-Surface_Antigen_Expression_on_Target_Engagement_and_Function_of_an_EGFR_x_c-Met_Bispecific_Antibody/links/585be88908ae8fce48faa84c/Impact-of-Cell-Surface-Antigen-Expression-on-Target-Engagement-and-Function-of-an-EGFR-x-c-Met-Bispecific-Antibody.pdf?origin=publication_detail	Table 2	Monovalent antibody measurement; estimate intended to approximate epitopes/cell.
JARANTOW_cMET_H1975	MET	c-MET	H1975	H1975	native cancer cell line	solid tumor cell-line panel	human	native	monovalent Quantibrite PE calibrated flow cytometry	monovalent_epitope_count	epitopes/cell	mean	86100			SE	2850	6				native_cell_line	B	yes	yes	Impact of Cell-Surface Antigen Expression on Target Engagement and Function of an EGFR x c-Met Bispecific Antibody	2015	10.1074/jbc.M115.651653	https://www.researchgate.net/profile/Mark-Chiu/publication/280906785_Impact_of_Cell-Surface_Antigen_Expression_on_Target_Engagement_and_Function_of_an_EGFR_x_c-Met_Bispecific_Antibody/links/585be88908ae8fce48faa84c/Impact-of-Cell-Surface-Antigen-Expression-on-Target-Engagement-and-Function-of-an-EGFR-x-c-Met-Bispecific-Antibody.pdf?origin=publication_detail	Table 2	Monovalent antibody measurement; estimate intended to approximate epitopes/cell.
JARANTOW_cMET_H1993	MET	c-MET	H1993	H1993	native cancer cell line	solid tumor cell-line panel	human	native	monovalent Quantibrite PE calibrated flow cytometry	monovalent_epitope_count	epitopes/cell	mean	561000			SE	3110	4				native_cell_line	B	yes	yes	Impact of Cell-Surface Antigen Expression on Target Engagement and Function of an EGFR x c-Met Bispecific Antibody	2015	10.1074/jbc.M115.651653	https://www.researchgate.net/profile/Mark-Chiu/publication/280906785_Impact_of_Cell-Surface_Antigen_Expression_on_Target_Engagement_and_Function_of_an_EGFR_x_c-Met_Bispecific_Antibody/links/585be88908ae8fce48faa84c/Impact-of-Cell-Surface-Antigen-Expression-on-Target-Engagement-and-Function-of-an-EGFR-x-c-Met-Bispecific-Antibody.pdf?origin=publication_detail	Table 2	Monovalent antibody measurement; estimate intended to approximate epitopes/cell.
JARANTOW_cMET_H292	MET	c-MET	H292	H292	native cancer cell line	solid tumor cell-line panel	human	native	monovalent Quantibrite PE calibrated flow cytometry	monovalent_epitope_count	epitopes/cell	mean	61200			SE	1000	4				native_cell_line	B	yes	yes	Impact of Cell-Surface Antigen Expression on Target Engagement and Function of an EGFR x c-Met Bispecific Antibody	2015	10.1074/jbc.M115.651653	https://www.researchgate.net/profile/Mark-Chiu/publication/280906785_Impact_of_Cell-Surface_Antigen_Expression_on_Target_Engagement_and_Function_of_an_EGFR_x_c-Met_Bispecific_Antibody/links/585be88908ae8fce48faa84c/Impact-of-Cell-Surface-Antigen-Expression-on-Target-Engagement-and-Function-of-an-EGFR-x-c-Met-Bispecific-Antibody.pdf?origin=publication_detail	Table 2	Monovalent antibody measurement; estimate intended to approximate epitopes/cell.
JARANTOW_cMET_H2935	MET	c-MET	H2935	H2935	native cancer cell line	solid tumor cell-line panel	human	native	monovalent Quantibrite PE calibrated flow cytometry	monovalent_epitope_count	epitopes/cell	mean	43200			SE	1540	2				native_cell_line	B	yes	yes	Impact of Cell-Surface Antigen Expression on Target Engagement and Function of an EGFR x c-Met Bispecific Antibody	2015	10.1074/jbc.M115.651653	https://www.researchgate.net/profile/Mark-Chiu/publication/280906785_Impact_of_Cell-Surface_Antigen_Expression_on_Target_Engagement_and_Function_of_an_EGFR_x_c-Met_Bispecific_Antibody/links/585be88908ae8fce48faa84c/Impact-of-Cell-Surface-Antigen-Expression-on-Target-Engagement-and-Function-of-an-EGFR-x-c-Met-Bispecific-Antibody.pdf?origin=publication_detail	Table 2	Monovalent antibody measurement; estimate intended to approximate epitopes/cell.
JARANTOW_cMET_H3255	MET	c-MET	H3255	H3255	native cancer cell line	solid tumor cell-line panel	human	native	monovalent Quantibrite PE calibrated flow cytometry	monovalent_epitope_count	epitopes/cell	mean	134000			SE	22000	5				native_cell_line	B	yes	yes	Impact of Cell-Surface Antigen Expression on Target Engagement and Function of an EGFR x c-Met Bispecific Antibody	2015	10.1074/jbc.M115.651653	https://www.researchgate.net/profile/Mark-Chiu/publication/280906785_Impact_of_Cell-Surface_Antigen_Expression_on_Target_Engagement_and_Function_of_an_EGFR_x_c-Met_Bispecific_Antibody/links/585be88908ae8fce48faa84c/Impact-of-Cell-Surface-Antigen-Expression-on-Target-Engagement-and-Function-of-an-EGFR-x-c-Met-Bispecific-Antibody.pdf?origin=publication_detail	Table 2	Monovalent antibody measurement; estimate intended to approximate epitopes/cell.
JARANTOW_cMET_H820	MET	c-MET	H820	H820	native cancer cell line	solid tumor cell-line panel	human	native	monovalent Quantibrite PE calibrated flow cytometry	monovalent_epitope_count	epitopes/cell	mean	178000			SE	6670	6				native_cell_line	B	yes	yes	Impact of Cell-Surface Antigen Expression on Target Engagement and Function of an EGFR x c-Met Bispecific Antibody	2015	10.1074/jbc.M115.651653	https://www.researchgate.net/profile/Mark-Chiu/publication/280906785_Impact_of_Cell-Surface_Antigen_Expression_on_Target_Engagement_and_Function_of_an_EGFR_x_c-Met_Bispecific_Antibody/links/585be88908ae8fce48faa84c/Impact-of-Cell-Surface-Antigen-Expression-on-Target-Engagement-and-Function-of-an-EGFR-x-c-Met-Bispecific-Antibody.pdf?origin=publication_detail	Table 2	Monovalent antibody measurement; estimate intended to approximate epitopes/cell.
JARANTOW_cMET_HCC4006	MET	c-MET	HCC4006	HCC4006	native cancer cell line	solid tumor cell-line panel	human	native	monovalent Quantibrite PE calibrated flow cytometry	monovalent_epitope_count	epitopes/cell	mean	56900			SE	2690	2				native_cell_line	B	yes	yes	Impact of Cell-Surface Antigen Expression on Target Engagement and Function of an EGFR x c-Met Bispecific Antibody	2015	10.1074/jbc.M115.651653	https://www.researchgate.net/profile/Mark-Chiu/publication/280906785_Impact_of_Cell-Surface_Antigen_Expression_on_Target_Engagement_and_Function_of_an_EGFR_x_c-Met_Bispecific_Antibody/links/585be88908ae8fce48faa84c/Impact-of-Cell-Surface-Antigen-Expression-on-Target-Engagement-and-Function-of-an-EGFR-x-c-Met-Bispecific-Antibody.pdf?origin=publication_detail	Table 2	Monovalent antibody measurement; estimate intended to approximate epitopes/cell.
JARANTOW_cMET_HCC827	MET	c-MET	HCC827	HCC827	native cancer cell line	solid tumor cell-line panel	human	native	monovalent Quantibrite PE calibrated flow cytometry	monovalent_epitope_count	epitopes/cell	mean	196000			SE	4320	6				native_cell_line	B	yes	yes	Impact of Cell-Surface Antigen Expression on Target Engagement and Function of an EGFR x c-Met Bispecific Antibody	2015	10.1074/jbc.M115.651653	https://www.researchgate.net/profile/Mark-Chiu/publication/280906785_Impact_of_Cell-Surface_Antigen_Expression_on_Target_Engagement_and_Function_of_an_EGFR_x_c-Met_Bispecific_Antibody/links/585be88908ae8fce48faa84c/Impact-of-Cell-Surface-Antigen-Expression-on-Target-Engagement-and-Function-of-an-EGFR-x-c-Met-Bispecific-Antibody.pdf?origin=publication_detail	Table 2	Monovalent antibody measurement; estimate intended to approximate epitopes/cell.
JARANTOW_cMET_SK-MES-1	MET	c-MET	SK-MES-1	SK-MES-1	native cancer cell line	solid tumor cell-line panel	human	native	monovalent Quantibrite PE calibrated flow cytometry	monovalent_epitope_count	epitopes/cell	mean	46000			SE	944	3				native_cell_line	B	yes	yes	Impact of Cell-Surface Antigen Expression on Target Engagement and Function of an EGFR x c-Met Bispecific Antibody	2015	10.1074/jbc.M115.651653	https://www.researchgate.net/profile/Mark-Chiu/publication/280906785_Impact_of_Cell-Surface_Antigen_Expression_on_Target_Engagement_and_Function_of_an_EGFR_x_c-Met_Bispecific_Antibody/links/585be88908ae8fce48faa84c/Impact-of-Cell-Surface-Antigen-Expression-on-Target-Engagement-and-Function-of-an-EGFR-x-c-Met-Bispecific-Antibody.pdf?origin=publication_detail	Table 2	Monovalent antibody measurement; estimate intended to approximate epitopes/cell.
JARANTOW_cMET_SNU-5	MET	c-MET	SNU-5	SNU-5	native cancer cell line	solid tumor cell-line panel	human	native	monovalent Quantibrite PE calibrated flow cytometry	monovalent_epitope_count	epitopes/cell	mean	493000			SE	4100	4				native_cell_line	B	yes	yes	Impact of Cell-Surface Antigen Expression on Target Engagement and Function of an EGFR x c-Met Bispecific Antibody	2015	10.1074/jbc.M115.651653	https://www.researchgate.net/profile/Mark-Chiu/publication/280906785_Impact_of_Cell-Surface_Antigen_Expression_on_Target_Engagement_and_Function_of_an_EGFR_x_c-Met_Bispecific_Antibody/links/585be88908ae8fce48faa84c/Impact-of-Cell-Surface-Antigen-Expression-on-Target-Engagement-and-Function-of-an-EGFR-x-c-Met-Bispecific-Antibody.pdf?origin=publication_detail	Table 2	Monovalent antibody measurement; estimate intended to approximate epitopes/cell.
GEIGER_MSLN_AsPC-1	MSLN	MSLN	AsPC-1	AsPC-1	native cancer cell line	solid tumor model	human	native	QIFIKIT calibrated flow cytometry	antigen_binding_sites	ABS/cell	approximate	50000									native_cell_line	B	yes	yes	Protease-activation using anti-idiotypic masks enables tumor specificity of a folate receptor 1-T cell bispecific antibody	2020	10.1038/s41467-020-16838-w	https://www.nature.com/articles/s41467-020-16838-w.pdf	Results, p.4	Main-text approximate value.
GEIGER_MSLN_NCI-H596	MSLN	MSLN	NCI-H596	NCI-H596	native cancer cell line	solid tumor model	human	native	QIFIKIT calibrated flow cytometry	antigen_binding_sites	ABS/cell	approximate	80000									native_cell_line	B	yes	yes	Protease-activation using anti-idiotypic masks enables tumor specificity of a folate receptor 1-T cell bispecific antibody	2020	10.1038/s41467-020-16838-w	https://www.nature.com/articles/s41467-020-16838-w.pdf	Results, p.4	Main-text approximate value.
NERRETER_CD19_M008	CD19	CD19	M008	Primary myeloma sample M008	primary patient tumor cells	multiple myeloma	human	native	dSTORM single-molecule localization microscopy	direct_molecule_count	molecules/cell	mean_with_reported_range	110	22	340	observed range			0.692	65		native_patient	A	yes	yes	Super-resolution microscopy reveals ultra-low CD19 expression on myeloma cells that triggers elimination by CD19 CAR-T	2019	10.1038/s41467-019-10948-w	https://www.nature.com/articles/s41467-019-10948-w.pdf	Table 1	Mean molecules/cell among total CD19-positive population; range and positive fraction retained.
NERRETER_CD19_M012	CD19	CD19	M012	Primary myeloma sample M012	primary patient tumor cells	multiple myeloma	human	native	dSTORM single-molecule localization microscopy	direct_molecule_count	molecules/cell	mean_with_reported_range	1200	250	3700	observed range			0.676	34		native_patient	A	yes	yes	Super-resolution microscopy reveals ultra-low CD19 expression on myeloma cells that triggers elimination by CD19 CAR-T	2019	10.1038/s41467-019-10948-w	https://www.nature.com/articles/s41467-019-10948-w.pdf	Table 1	Mean molecules/cell among total CD19-positive population; range and positive fraction retained.
NERRETER_CD19_M013	CD19	CD19	M013	Primary myeloma sample M013	primary patient tumor cells	multiple myeloma	human	native	dSTORM single-molecule localization microscopy	direct_molecule_count	molecules/cell	mean_with_reported_range	93	19	290	observed range			0.751	45		native_patient	A	yes	yes	Super-resolution microscopy reveals ultra-low CD19 expression on myeloma cells that triggers elimination by CD19 CAR-T	2019	10.1038/s41467-019-10948-w	https://www.nature.com/articles/s41467-019-10948-w.pdf	Table 1	Mean molecules/cell among total CD19-positive population; range and positive fraction retained.
NERRETER_CD19_M016	CD19	CD19	M016	Primary myeloma sample M016	primary patient tumor cells	multiple myeloma	human	native	dSTORM single-molecule localization microscopy	direct_molecule_count	molecules/cell	mean_with_reported_range	530	110	1650	observed range			0.321	31		native_patient	A	yes	yes	Super-resolution microscopy reveals ultra-low CD19 expression on myeloma cells that triggers elimination by CD19 CAR-T	2019	10.1038/s41467-019-10948-w	https://www.nature.com/articles/s41467-019-10948-w.pdf	Table 1	Mean molecules/cell among total CD19-positive population; range and positive fraction retained.
NERRETER_CD19_M017	CD19	CD19	M017	Primary myeloma sample M017	primary patient tumor cells	multiple myeloma	human	native	dSTORM single-molecule localization microscopy	direct_molecule_count	molecules/cell	mean_with_reported_range	64	13	200	observed range			0.66	20		native_patient	A	yes	yes	Super-resolution microscopy reveals ultra-low CD19 expression on myeloma cells that triggers elimination by CD19 CAR-T	2019	10.1038/s41467-019-10948-w	https://www.nature.com/articles/s41467-019-10948-w.pdf	Table 1	Mean molecules/cell among total CD19-positive population; range and positive fraction retained.
NERRETER_CD19_M018	CD19	CD19	M018	Primary myeloma sample M018	primary patient tumor cells	multiple myeloma	human	native	dSTORM single-molecule localization microscopy	direct_molecule_count	molecules/cell	mean_with_reported_range	270	55	830	observed range			0.604	33		native_patient	A	yes	yes	Super-resolution microscopy reveals ultra-low CD19 expression on myeloma cells that triggers elimination by CD19 CAR-T	2019	10.1038/s41467-019-10948-w	https://www.nature.com/articles/s41467-019-10948-w.pdf	Table 1	Mean molecules/cell among total CD19-positive population; range and positive fraction retained.
NERRETER_CD19_M019	CD19	CD19	M019	Primary myeloma sample M019	primary patient tumor cells	multiple myeloma	human	native	dSTORM single-molecule localization microscopy	direct_molecule_count	molecules/cell	mean_with_reported_range	140	28	420	observed range			0.803	25		native_patient	A	yes	yes	Super-resolution microscopy reveals ultra-low CD19 expression on myeloma cells that triggers elimination by CD19 CAR-T	2019	10.1038/s41467-019-10948-w	https://www.nature.com/articles/s41467-019-10948-w.pdf	Table 1	Mean molecules/cell among total CD19-positive population; range and positive fraction retained.
NERRETER_CD19_M020	CD19	CD19	M020	Primary myeloma sample M020	primary patient tumor cells	multiple myeloma	human	native	dSTORM single-molecule localization microscopy	direct_molecule_count	molecules/cell	mean_with_reported_range	950	200	3000	observed range			0.46	36		native_patient	A	yes	yes	Super-resolution microscopy reveals ultra-low CD19 expression on myeloma cells that triggers elimination by CD19 CAR-T	2019	10.1038/s41467-019-10948-w	https://www.nature.com/articles/s41467-019-10948-w.pdf	Table 1	Mean molecules/cell among total CD19-positive population; range and positive fraction retained.
NERRETER_CD19_M021	CD19	CD19	M021	Primary myeloma sample M021	primary patient tumor cells	multiple myeloma	human	native	dSTORM single-molecule localization microscopy	direct_molecule_count	molecules/cell	mean_with_reported_range	630	130	2000	observed range			0.302	38		native_patient	A	yes	yes	Super-resolution microscopy reveals ultra-low CD19 expression on myeloma cells that triggers elimination by CD19 CAR-T	2019	10.1038/s41467-019-10948-w	https://www.nature.com/articles/s41467-019-10948-w.pdf	Table 1	Mean molecules/cell among total CD19-positive population; range and positive fraction retained.
NERRETER_CD19_M022	CD19	CD19	M022	Primary myeloma sample M022	primary patient tumor cells	multiple myeloma	human	native	dSTORM single-molecule localization microscopy	direct_molecule_count	molecules/cell	mean_with_reported_range	1600	330	5000	observed range			0.103	80		native_patient	A	yes	yes	Super-resolution microscopy reveals ultra-low CD19 expression on myeloma cells that triggers elimination by CD19 CAR-T	2019	10.1038/s41467-019-10948-w	https://www.nature.com/articles/s41467-019-10948-w.pdf	Table 1	Mean molecules/cell among total CD19-positive population; range and positive fraction retained.
TEMBHARE_CLL_01_CD22	CD22	CD22	CLL-01	CLL patient 1	primary patient tumor cells	untreated chronic lymphocytic leukemia	human	native	Quantibrite PE calibrated flow cytometry	antibody_binding_capacity	ABC/cell	exact_reported	1624									native_patient	A	yes	yes	Quantification of Expression of Antigens Targeted by Antibody-Based Therapy in Chronic Lymphocytic Leukemia	2013	10.1309/AJCPYFQ4XMGJD6TI	https://pmc.ncbi.nlm.nih.gov/articles/PMC4698892/	Table 2	Patient-level Table 2 value; sex=M; age=44
TEMBHARE_CLL_10_CD22	CD22	CD22	CLL-10	CLL patient 10	primary patient tumor cells	untreated chronic lymphocytic leukemia	human	native	Quantibrite PE calibrated flow cytometry	antibody_binding_capacity	ABC/cell	exact_reported	1287									native_patient	A	yes	yes	Quantification of Expression of Antigens Targeted by Antibody-Based Therapy in Chronic Lymphocytic Leukemia	2013	10.1309/AJCPYFQ4XMGJD6TI	https://pmc.ncbi.nlm.nih.gov/articles/PMC4698892/	Table 2	Patient-level Table 2 value; sex=M; age=75
TEMBHARE_CLL_11_CD22	CD22	CD22	CLL-11	CLL patient 11	primary patient tumor cells	untreated chronic lymphocytic leukemia	human	native	Quantibrite PE calibrated flow cytometry	antibody_binding_capacity	ABC/cell	exact_reported	1930									native_patient	A	yes	yes	Quantification of Expression of Antigens Targeted by Antibody-Based Therapy in Chronic Lymphocytic Leukemia	2013	10.1309/AJCPYFQ4XMGJD6TI	https://pmc.ncbi.nlm.nih.gov/articles/PMC4698892/	Table 2	Patient-level Table 2 value; sex=M; age=61
TEMBHARE_CLL_12_CD22	CD22	CD22	CLL-12	CLL patient 12	primary patient tumor cells	untreated chronic lymphocytic leukemia	human	native	Quantibrite PE calibrated flow cytometry	antibody_binding_capacity	ABC/cell	exact_reported	3604									native_patient	A	yes	yes	Quantification of Expression of Antigens Targeted by Antibody-Based Therapy in Chronic Lymphocytic Leukemia	2013	10.1309/AJCPYFQ4XMGJD6TI	https://pmc.ncbi.nlm.nih.gov/articles/PMC4698892/	Table 2	Patient-level Table 2 value; sex=M; age=62
TEMBHARE_CLL_13_CD22	CD22	CD22	CLL-13	CLL patient 13	primary patient tumor cells	untreated chronic lymphocytic leukemia	human	native	Quantibrite PE calibrated flow cytometry	antibody_binding_capacity	ABC/cell	exact_reported	1579									native_patient	A	yes	yes	Quantification of Expression of Antigens Targeted by Antibody-Based Therapy in Chronic Lymphocytic Leukemia	2013	10.1309/AJCPYFQ4XMGJD6TI	https://pmc.ncbi.nlm.nih.gov/articles/PMC4698892/	Table 2	Patient-level Table 2 value; sex=M; age=60
TEMBHARE_CLL_14_CD22	CD22	CD22	CLL-14	CLL patient 14	primary patient tumor cells	untreated chronic lymphocytic leukemia	human	native	Quantibrite PE calibrated flow cytometry	antibody_binding_capacity	ABC/cell	exact_reported	3725									native_patient	A	yes	yes	Quantification of Expression of Antigens Targeted by Antibody-Based Therapy in Chronic Lymphocytic Leukemia	2013	10.1309/AJCPYFQ4XMGJD6TI	https://pmc.ncbi.nlm.nih.gov/articles/PMC4698892/	Table 2	Patient-level Table 2 value; sex=M; age=50
TEMBHARE_CLL_15_CD22	CD22	CD22	CLL-15	CLL patient 15	primary patient tumor cells	untreated chronic lymphocytic leukemia	human	native	Quantibrite PE calibrated flow cytometry	antibody_binding_capacity	ABC/cell	exact_reported	2726									native_patient	A	yes	yes	Quantification of Expression of Antigens Targeted by Antibody-Based Therapy in Chronic Lymphocytic Leukemia	2013	10.1309/AJCPYFQ4XMGJD6TI	https://pmc.ncbi.nlm.nih.gov/articles/PMC4698892/	Table 2	Patient-level Table 2 value; sex=F; age=62
TEMBHARE_CLL_16_CD22	CD22	CD22	CLL-16	CLL patient 16	primary patient tumor cells	untreated chronic lymphocytic leukemia	human	native	Quantibrite PE calibrated flow cytometry	antibody_binding_capacity	ABC/cell	exact_reported	1752									native_patient	A	yes	yes	Quantification of Expression of Antigens Targeted by Antibody-Based Therapy in Chronic Lymphocytic Leukemia	2013	10.1309/AJCPYFQ4XMGJD6TI	https://pmc.ncbi.nlm.nih.gov/articles/PMC4698892/	Table 2	Patient-level Table 2 value; sex=F; age=55
TEMBHARE_CLL_17_CD22	CD22	CD22	CLL-17	CLL patient 17	primary patient tumor cells	untreated chronic lymphocytic leukemia	human	native	Quantibrite PE calibrated flow cytometry	antibody_binding_capacity	ABC/cell	exact_reported	3120									native_patient	A	yes	yes	Quantification of Expression of Antigens Targeted by Antibody-Based Therapy in Chronic Lymphocytic Leukemia	2013	10.1309/AJCPYFQ4XMGJD6TI	https://pmc.ncbi.nlm.nih.gov/articles/PMC4698892/	Table 2	Patient-level Table 2 value; sex=M; age=63
TEMBHARE_CLL_18_CD22	CD22	CD22	CLL-18	CLL patient 18	primary patient tumor cells	untreated chronic lymphocytic leukemia	human	native	Quantibrite PE calibrated flow cytometry	antibody_binding_capacity	ABC/cell	exact_reported	4196									native_patient	A	yes	yes	Quantification of Expression of Antigens Targeted by Antibody-Based Therapy in Chronic Lymphocytic Leukemia	2013	10.1309/AJCPYFQ4XMGJD6TI	https://pmc.ncbi.nlm.nih.gov/articles/PMC4698892/	Table 2	Patient-level Table 2 value; sex=M; age=45
TEMBHARE_CLL_19_CD22	CD22	CD22	CLL-19	CLL patient 19	primary patient tumor cells	untreated chronic lymphocytic leukemia	human	native	Quantibrite PE calibrated flow cytometry	antibody_binding_capacity	ABC/cell	exact_reported	3509									native_patient	A	yes	yes	Quantification of Expression of Antigens Targeted by Antibody-Based Therapy in Chronic Lymphocytic Leukemia	2013	10.1309/AJCPYFQ4XMGJD6TI	https://pmc.ncbi.nlm.nih.gov/articles/PMC4698892/	Table 2	Patient-level Table 2 value; sex=F; age=66
TEMBHARE_CLL_02_CD22	CD22	CD22	CLL-02	CLL patient 2	primary patient tumor cells	untreated chronic lymphocytic leukemia	human	native	Quantibrite PE calibrated flow cytometry	antibody_binding_capacity	ABC/cell	exact_reported	1448									native_patient	A	yes	yes	Quantification of Expression of Antigens Targeted by Antibody-Based Therapy in Chronic Lymphocytic Leukemia	2013	10.1309/AJCPYFQ4XMGJD6TI	https://pmc.ncbi.nlm.nih.gov/articles/PMC4698892/	Table 2	Patient-level Table 2 value; sex=F; age=61
TEMBHARE_CLL_20_CD22	CD22	CD22	CLL-20	CLL patient 20	primary patient tumor cells	untreated chronic lymphocytic leukemia	human	native	Quantibrite PE calibrated flow cytometry	antibody_binding_capacity	ABC/cell	exact_reported	3066									native_patient	A	yes	yes	Quantification of Expression of Antigens Targeted by Antibody-Based Therapy in Chronic Lymphocytic Leukemia	2013	10.1309/AJCPYFQ4XMGJD6TI	https://pmc.ncbi.nlm.nih.gov/articles/PMC4698892/	Table 2	Patient-level Table 2 value; sex=F; age=67
TEMBHARE_CLL_21_CD22	CD22	CD22	CLL-21	CLL patient 21	primary patient tumor cells	untreated chronic lymphocytic leukemia	human	native	Quantibrite PE calibrated flow cytometry	antibody_binding_capacity	ABC/cell	exact_reported	5358									native_patient	A	yes	yes	Quantification of Expression of Antigens Targeted by Antibody-Based Therapy in Chronic Lymphocytic Leukemia	2013	10.1309/AJCPYFQ4XMGJD6TI	https://pmc.ncbi.nlm.nih.gov/articles/PMC4698892/	Table 2	Patient-level Table 2 value; sex=M; age=58
TEMBHARE_CLL_22_CD22	CD22	CD22	CLL-22	CLL patient 22	primary patient tumor cells	untreated chronic lymphocytic leukemia	human	native	Quantibrite PE calibrated flow cytometry	antibody_binding_capacity	ABC/cell	exact_reported	1311									native_patient	A	yes	yes	Quantification of Expression of Antigens Targeted by Antibody-Based Therapy in Chronic Lymphocytic Leukemia	2013	10.1309/AJCPYFQ4XMGJD6TI	https://pmc.ncbi.nlm.nih.gov/articles/PMC4698892/	Table 2	Patient-level Table 2 value; sex=M; age=47
TEMBHARE_CLL_23_CD22	CD22	CD22	CLL-23	CLL patient 23	primary patient tumor cells	untreated chronic lymphocytic leukemia	human	native	Quantibrite PE calibrated flow cytometry	antibody_binding_capacity	ABC/cell	exact_reported	3743									native_patient	A	yes	yes	Quantification of Expression of Antigens Targeted by Antibody-Based Therapy in Chronic Lymphocytic Leukemia	2013	10.1309/AJCPYFQ4XMGJD6TI	https://pmc.ncbi.nlm.nih.gov/articles/PMC4698892/	Table 2	Patient-level Table 2 value; sex=M; age=52
TEMBHARE_CLL_24_CD22	CD22	CD22	CLL-24	CLL patient 24	primary patient tumor cells	untreated chronic lymphocytic leukemia	human	native	Quantibrite PE calibrated flow cytometry	antibody_binding_capacity	ABC/cell	exact_reported	2169									native_patient	A	yes	yes	Quantification of Expression of Antigens Targeted by Antibody-Based Therapy in Chronic Lymphocytic Leukemia	2013	10.1309/AJCPYFQ4XMGJD6TI	https://pmc.ncbi.nlm.nih.gov/articles/PMC4698892/	Table 2	Patient-level Table 2 value; sex=F; age=64
TEMBHARE_CLL_25_CD22	CD22	CD22	CLL-25	CLL patient 25	primary patient tumor cells	untreated chronic lymphocytic leukemia	human	native	Quantibrite PE calibrated flow cytometry	antibody_binding_capacity	ABC/cell	exact_reported	1026									native_patient	A	yes	yes	Quantification of Expression of Antigens Targeted by Antibody-Based Therapy in Chronic Lymphocytic Leukemia	2013	10.1309/AJCPYFQ4XMGJD6TI	https://pmc.ncbi.nlm.nih.gov/articles/PMC4698892/	Table 2	Patient-level Table 2 value; sex=F; age=62
TEMBHARE_CLL_26_CD22	CD22	CD22	CLL-26	CLL patient 26	primary patient tumor cells	untreated chronic lymphocytic leukemia	human	native	Quantibrite PE calibrated flow cytometry	antibody_binding_capacity	ABC/cell	exact_reported	1848									native_patient	A	yes	yes	Quantification of Expression of Antigens Targeted by Antibody-Based Therapy in Chronic Lymphocytic Leukemia	2013	10.1309/AJCPYFQ4XMGJD6TI	https://pmc.ncbi.nlm.nih.gov/articles/PMC4698892/	Table 2	Patient-level Table 2 value; sex=M; age=58
TEMBHARE_CLL_27_CD22	CD22	CD22	CLL-27	CLL patient 27	primary patient tumor cells	untreated chronic lymphocytic leukemia	human	native	Quantibrite PE calibrated flow cytometry	antibody_binding_capacity	ABC/cell	exact_reported	3133									native_patient	A	yes	yes	Quantification of Expression of Antigens Targeted by Antibody-Based Therapy in Chronic Lymphocytic Leukemia	2013	10.1309/AJCPYFQ4XMGJD6TI	https://pmc.ncbi.nlm.nih.gov/articles/PMC4698892/	Table 2	Patient-level Table 2 value; sex=M; age=65
TEMBHARE_CLL_28_CD22	CD22	CD22	CLL-28	CLL patient 28	primary patient tumor cells	untreated chronic lymphocytic leukemia	human	native	Quantibrite PE calibrated flow cytometry	antibody_binding_capacity	ABC/cell	exact_reported	3073									native_patient	A	yes	yes	Quantification of Expression of Antigens Targeted by Antibody-Based Therapy in Chronic Lymphocytic Leukemia	2013	10.1309/AJCPYFQ4XMGJD6TI	https://pmc.ncbi.nlm.nih.gov/articles/PMC4698892/	Table 2	Patient-level Table 2 value; sex=M; age=79
TEMBHARE_CLL_03_CD22	CD22	CD22	CLL-03	CLL patient 3	primary patient tumor cells	untreated chronic lymphocytic leukemia	human	native	Quantibrite PE calibrated flow cytometry	antibody_binding_capacity	ABC/cell	exact_reported	1666									native_patient	A	yes	yes	Quantification of Expression of Antigens Targeted by Antibody-Based Therapy in Chronic Lymphocytic Leukemia	2013	10.1309/AJCPYFQ4XMGJD6TI	https://pmc.ncbi.nlm.nih.gov/articles/PMC4698892/	Table 2	Patient-level Table 2 value; sex=M; age=63
TEMBHARE_CLL_04_CD22	CD22	CD22	CLL-04	CLL patient 4	primary patient tumor cells	untreated chronic lymphocytic leukemia	human	native	Quantibrite PE calibrated flow cytometry	antibody_binding_capacity	ABC/cell	exact_reported	991									native_patient	A	yes	yes	Quantification of Expression of Antigens Targeted by Antibody-Based Therapy in Chronic Lymphocytic Leukemia	2013	10.1309/AJCPYFQ4XMGJD6TI	https://pmc.ncbi.nlm.nih.gov/articles/PMC4698892/	Table 2	Patient-level Table 2 value; sex=M; age=72
TEMBHARE_CLL_05_CD22	CD22	CD22	CLL-05	CLL patient 5	primary patient tumor cells	untreated chronic lymphocytic leukemia	human	native	Quantibrite PE calibrated flow cytometry	antibody_binding_capacity	ABC/cell	exact_reported	1583									native_patient	A	yes	yes	Quantification of Expression of Antigens Targeted by Antibody-Based Therapy in Chronic Lymphocytic Leukemia	2013	10.1309/AJCPYFQ4XMGJD6TI	https://pmc.ncbi.nlm.nih.gov/articles/PMC4698892/	Table 2	Patient-level Table 2 value; sex=M; age=65
TEMBHARE_CLL_06_CD22	CD22	CD22	CLL-06	CLL patient 6	primary patient tumor cells	untreated chronic lymphocytic leukemia	human	native	Quantibrite PE calibrated flow cytometry	antibody_binding_capacity	ABC/cell	exact_reported	1808									native_patient	A	yes	yes	Quantification of Expression of Antigens Targeted by Antibody-Based Therapy in Chronic Lymphocytic Leukemia	2013	10.1309/AJCPYFQ4XMGJD6TI	https://pmc.ncbi.nlm.nih.gov/articles/PMC4698892/	Table 2	Patient-level Table 2 value; sex=F; age=66
TEMBHARE_CLL_07_CD22	CD22	CD22	CLL-07	CLL patient 7	primary patient tumor cells	untreated chronic lymphocytic leukemia	human	native	Quantibrite PE calibrated flow cytometry	antibody_binding_capacity	ABC/cell	exact_reported	2229									native_patient	A	yes	yes	Quantification of Expression of Antigens Targeted by Antibody-Based Therapy in Chronic Lymphocytic Leukemia	2013	10.1309/AJCPYFQ4XMGJD6TI	https://pmc.ncbi.nlm.nih.gov/articles/PMC4698892/	Table 2	Patient-level Table 2 value; sex=F; age=77
TEMBHARE_CLL_08_CD22	CD22	CD22	CLL-08	CLL patient 8	primary patient tumor cells	untreated chronic lymphocytic leukemia	human	native	Quantibrite PE calibrated flow cytometry	antibody_binding_capacity	ABC/cell	exact_reported	1734									native_patient	A	yes	yes	Quantification of Expression of Antigens Targeted by Antibody-Based Therapy in Chronic Lymphocytic Leukemia	2013	10.1309/AJCPYFQ4XMGJD6TI	https://pmc.ncbi.nlm.nih.gov/articles/PMC4698892/	Table 2	Patient-level Table 2 value; sex=M; age=60
TEMBHARE_CLL_09_CD22	CD22	CD22	CLL-09	CLL patient 9	primary patient tumor cells	untreated chronic lymphocytic leukemia	human	native	Quantibrite PE calibrated flow cytometry	antibody_binding_capacity	ABC/cell	exact_reported	1364									native_patient	A	yes	yes	Quantification of Expression of Antigens Targeted by Antibody-Based Therapy in Chronic Lymphocytic Leukemia	2013	10.1309/AJCPYFQ4XMGJD6TI	https://pmc.ncbi.nlm.nih.gov/articles/PMC4698892/	Table 2	Patient-level Table 2 value; sex=M; age=31
TEMBHARE_CLL_01_CD52	CD52	CD52	CLL-01	CLL patient 1	primary patient tumor cells	untreated chronic lymphocytic leukemia	human	native	Quantibrite PE calibrated flow cytometry	antibody_binding_capacity	ABC/cell	exact_reported	1464									native_patient	A	yes	yes	Quantification of Expression of Antigens Targeted by Antibody-Based Therapy in Chronic Lymphocytic Leukemia	2013	10.1309/AJCPYFQ4XMGJD6TI	https://pmc.ncbi.nlm.nih.gov/articles/PMC4698892/	Table 2	Patient-level Table 2 value; sex=M; age=44
TEMBHARE_CLL_10_CD52	CD52	CD52	CLL-10	CLL patient 10	primary patient tumor cells	untreated chronic lymphocytic leukemia	human	native	Quantibrite PE calibrated flow cytometry	antibody_binding_capacity	ABC/cell	exact_reported	9828									native_patient	A	yes	yes	Quantification of Expression of Antigens Targeted by Antibody-Based Therapy in Chronic Lymphocytic Leukemia	2013	10.1309/AJCPYFQ4XMGJD6TI	https://pmc.ncbi.nlm.nih.gov/articles/PMC4698892/	Table 2	Patient-level Table 2 value; sex=M; age=75
TEMBHARE_CLL_11_CD52	CD52	CD52	CLL-11	CLL patient 11	primary patient tumor cells	untreated chronic lymphocytic leukemia	human	native	Quantibrite PE calibrated flow cytometry	antibody_binding_capacity	ABC/cell	exact_reported	5088									native_patient	A	yes	yes	Quantification of Expression of Antigens Targeted by Antibody-Based Therapy in Chronic Lymphocytic Leukemia	2013	10.1309/AJCPYFQ4XMGJD6TI	https://pmc.ncbi.nlm.nih.gov/articles/PMC4698892/	Table 2	Patient-level Table 2 value; sex=M; age=61
TEMBHARE_CLL_12_CD52	CD52	CD52	CLL-12	CLL patient 12	primary patient tumor cells	untreated chronic lymphocytic leukemia	human	native	Quantibrite PE calibrated flow cytometry	antibody_binding_capacity	ABC/cell	exact_reported	17568									native_patient	A	yes	yes	Quantification of Expression of Antigens Targeted by Antibody-Based Therapy in Chronic Lymphocytic Leukemia	2013	10.1309/AJCPYFQ4XMGJD6TI	https://pmc.ncbi.nlm.nih.gov/articles/PMC4698892/	Table 2	Patient-level Table 2 value; sex=M; age=62
TEMBHARE_CLL_13_CD52	CD52	CD52	CLL-13	CLL patient 13	primary patient tumor cells	untreated chronic lymphocytic leukemia	human	native	Quantibrite PE calibrated flow cytometry	antibody_binding_capacity	ABC/cell	exact_reported	19329									native_patient	A	yes	yes	Quantification of Expression of Antigens Targeted by Antibody-Based Therapy in Chronic Lymphocytic Leukemia	2013	10.1309/AJCPYFQ4XMGJD6TI	https://pmc.ncbi.nlm.nih.gov/articles/PMC4698892/	Table 2	Patient-level Table 2 value; sex=M; age=60
TEMBHARE_CLL_14_CD52	CD52	CD52	CLL-14	CLL patient 14	primary patient tumor cells	untreated chronic lymphocytic leukemia	human	native	Quantibrite PE calibrated flow cytometry	antibody_binding_capacity	ABC/cell	exact_reported	9014									native_patient	A	yes	yes	Quantification of Expression of Antigens Targeted by Antibody-Based Therapy in Chronic Lymphocytic Leukemia	2013	10.1309/AJCPYFQ4XMGJD6TI	https://pmc.ncbi.nlm.nih.gov/articles/PMC4698892/	Table 2	Patient-level Table 2 value; sex=M; age=50
TEMBHARE_CLL_15_CD52	CD52	CD52	CLL-15	CLL patient 15	primary patient tumor cells	untreated chronic lymphocytic leukemia	human	native	Quantibrite PE calibrated flow cytometry	antibody_binding_capacity	ABC/cell	exact_reported	10458									native_patient	A	yes	yes	Quantification of Expression of Antigens Targeted by Antibody-Based Therapy in Chronic Lymphocytic Leukemia	2013	10.1309/AJCPYFQ4XMGJD6TI	https://pmc.ncbi.nlm.nih.gov/articles/PMC4698892/	Table 2	Patient-level Table 2 value; sex=F; age=62
TEMBHARE_CLL_16_CD52	CD52	CD52	CLL-16	CLL patient 16	primary patient tumor cells	untreated chronic lymphocytic leukemia	human	native	Quantibrite PE calibrated flow cytometry	antibody_binding_capacity	ABC/cell	exact_reported	12099									native_patient	A	yes	yes	Quantification of Expression of Antigens Targeted by Antibody-Based Therapy in Chronic Lymphocytic Leukemia	2013	10.1309/AJCPYFQ4XMGJD6TI	https://pmc.ncbi.nlm.nih.gov/articles/PMC4698892/	Table 2	Patient-level Table 2 value; sex=F; age=55
TEMBHARE_CLL_17_CD52	CD52	CD52	CLL-17	CLL patient 17	primary patient tumor cells	untreated chronic lymphocytic leukemia	human	native	Quantibrite PE calibrated flow cytometry	antibody_binding_capacity	ABC/cell	exact_reported	16643									native_patient	A	yes	yes	Quantification of Expression of Antigens Targeted by Antibody-Based Therapy in Chronic Lymphocytic Leukemia	2013	10.1309/AJCPYFQ4XMGJD6TI	https://pmc.ncbi.nlm.nih.gov/articles/PMC4698892/	Table 2	Patient-level Table 2 value; sex=M; age=63
TEMBHARE_CLL_18_CD52	CD52	CD52	CLL-18	CLL patient 18	primary patient tumor cells	untreated chronic lymphocytic leukemia	human	native	Quantibrite PE calibrated flow cytometry	antibody_binding_capacity	ABC/cell	exact_reported	20380									native_patient	A	yes	yes	Quantification of Expression of Antigens Targeted by Antibody-Based Therapy in Chronic Lymphocytic Leukemia	2013	10.1309/AJCPYFQ4XMGJD6TI	https://pmc.ncbi.nlm.nih.gov/articles/PMC4698892/	Table 2	Patient-level Table 2 value; sex=M; age=45
TEMBHARE_CLL_19_CD52	CD52	CD52	CLL-19	CLL patient 19	primary patient tumor cells	untreated chronic lymphocytic leukemia	human	native	Quantibrite PE calibrated flow cytometry	antibody_binding_capacity	ABC/cell	exact_reported	11659									native_patient	A	yes	yes	Quantification of Expression of Antigens Targeted by Antibody-Based Therapy in Chronic Lymphocytic Leukemia	2013	10.1309/AJCPYFQ4XMGJD6TI	https://pmc.ncbi.nlm.nih.gov/articles/PMC4698892/	Table 2	Patient-level Table 2 value; sex=F; age=66
TEMBHARE_CLL_02_CD52	CD52	CD52	CLL-02	CLL patient 2	primary patient tumor cells	untreated chronic lymphocytic leukemia	human	native	Quantibrite PE calibrated flow cytometry	antibody_binding_capacity	ABC/cell	exact_reported	23899									native_patient	A	yes	yes	Quantification of Expression of Antigens Targeted by Antibody-Based Therapy in Chronic Lymphocytic Leukemia	2013	10.1309/AJCPYFQ4XMGJD6TI	https://pmc.ncbi.nlm.nih.gov/articles/PMC4698892/	Table 2	Patient-level Table 2 value; sex=F; age=61
TEMBHARE_CLL_20_CD52	CD52	CD52	CLL-20	CLL patient 20	primary patient tumor cells	untreated chronic lymphocytic leukemia	human	native	Quantibrite PE calibrated flow cytometry	antibody_binding_capacity	ABC/cell	exact_reported	18051									native_patient	A	yes	yes	Quantification of Expression of Antigens Targeted by Antibody-Based Therapy in Chronic Lymphocytic Leukemia	2013	10.1309/AJCPYFQ4XMGJD6TI	https://pmc.ncbi.nlm.nih.gov/articles/PMC4698892/	Table 2	Patient-level Table 2 value; sex=F; age=67
TEMBHARE_CLL_21_CD52	CD52	CD52	CLL-21	CLL patient 21	primary patient tumor cells	untreated chronic lymphocytic leukemia	human	native	Quantibrite PE calibrated flow cytometry	antibody_binding_capacity	ABC/cell	exact_reported	18526									native_patient	A	yes	yes	Quantification of Expression of Antigens Targeted by Antibody-Based Therapy in Chronic Lymphocytic Leukemia	2013	10.1309/AJCPYFQ4XMGJD6TI	https://pmc.ncbi.nlm.nih.gov/articles/PMC4698892/	Table 2	Patient-level Table 2 value; sex=M; age=58
TEMBHARE_CLL_22_CD52	CD52	CD52	CLL-22	CLL patient 22	primary patient tumor cells	untreated chronic lymphocytic leukemia	human	native	Quantibrite PE calibrated flow cytometry	antibody_binding_capacity	ABC/cell	exact_reported	34636									native_patient	A	yes	yes	Quantification of Expression of Antigens Targeted by Antibody-Based Therapy in Chronic Lymphocytic Leukemia	2013	10.1309/AJCPYFQ4XMGJD6TI	https://pmc.ncbi.nlm.nih.gov/articles/PMC4698892/	Table 2	Patient-level Table 2 value; sex=M; age=47
TEMBHARE_CLL_03_CD52	CD52	CD52	CLL-03	CLL patient 3	primary patient tumor cells	untreated chronic lymphocytic leukemia	human	native	Quantibrite PE calibrated flow cytometry	antibody_binding_capacity	ABC/cell	exact_reported	34752									native_patient	A	yes	yes	Quantification of Expression of Antigens Targeted by Antibody-Based Therapy in Chronic Lymphocytic Leukemia	2013	10.1309/AJCPYFQ4XMGJD6TI	https://pmc.ncbi.nlm.nih.gov/articles/PMC4698892/	Table 2	Patient-level Table 2 value; sex=M; age=63
TEMBHARE_CLL_04_CD52	CD52	CD52	CLL-04	CLL patient 4	primary patient tumor cells	untreated chronic lymphocytic leukemia	human	native	Quantibrite PE calibrated flow cytometry	antibody_binding_capacity	ABC/cell	exact_reported	10689									native_patient	A	yes	yes	Quantification of Expression of Antigens Targeted by Antibody-Based Therapy in Chronic Lymphocytic Leukemia	2013	10.1309/AJCPYFQ4XMGJD6TI	https://pmc.ncbi.nlm.nih.gov/articles/PMC4698892/	Table 2	Patient-level Table 2 value; sex=M; age=72
TEMBHARE_CLL_05_CD52	CD52	CD52	CLL-05	CLL patient 5	primary patient tumor cells	untreated chronic lymphocytic leukemia	human	native	Quantibrite PE calibrated flow cytometry	antibody_binding_capacity	ABC/cell	exact_reported	33994									native_patient	A	yes	yes	Quantification of Expression of Antigens Targeted by Antibody-Based Therapy in Chronic Lymphocytic Leukemia	2013	10.1309/AJCPYFQ4XMGJD6TI	https://pmc.ncbi.nlm.nih.gov/articles/PMC4698892/	Table 2	Patient-level Table 2 value; sex=M; age=65
TEMBHARE_CLL_06_CD52	CD52	CD52	CLL-06	CLL patient 6	primary patient tumor cells	untreated chronic lymphocytic leukemia	human	native	Quantibrite PE calibrated flow cytometry	antibody_binding_capacity	ABC/cell	exact_reported	14459									native_patient	A	yes	yes	Quantification of Expression of Antigens Targeted by Antibody-Based Therapy in Chronic Lymphocytic Leukemia	2013	10.1309/AJCPYFQ4XMGJD6TI	https://pmc.ncbi.nlm.nih.gov/articles/PMC4698892/	Table 2	Patient-level Table 2 value; sex=F; age=66
TEMBHARE_CLL_07_CD52	CD52	CD52	CLL-07	CLL patient 7	primary patient tumor cells	untreated chronic lymphocytic leukemia	human	native	Quantibrite PE calibrated flow cytometry	antibody_binding_capacity	ABC/cell	exact_reported	13626									native_patient	A	yes	yes	Quantification of Expression of Antigens Targeted by Antibody-Based Therapy in Chronic Lymphocytic Leukemia	2013	10.1309/AJCPYFQ4XMGJD6TI	https://pmc.ncbi.nlm.nih.gov/articles/PMC4698892/	Table 2	Patient-level Table 2 value; sex=F; age=77
TEMBHARE_CLL_08_CD52	CD52	CD52	CLL-08	CLL patient 8	primary patient tumor cells	untreated chronic lymphocytic leukemia	human	native	Quantibrite PE calibrated flow cytometry	antibody_binding_capacity	ABC/cell	exact_reported	9187									native_patient	A	yes	yes	Quantification of Expression of Antigens Targeted by Antibody-Based Therapy in Chronic Lymphocytic Leukemia	2013	10.1309/AJCPYFQ4XMGJD6TI	https://pmc.ncbi.nlm.nih.gov/articles/PMC4698892/	Table 2	Patient-level Table 2 value; sex=M; age=60
TEMBHARE_CLL_09_CD52	CD52	CD52	CLL-09	CLL patient 9	primary patient tumor cells	untreated chronic lymphocytic leukemia	human	native	Quantibrite PE calibrated flow cytometry	antibody_binding_capacity	ABC/cell	exact_reported	12225									native_patient	A	yes	yes	Quantification of Expression of Antigens Targeted by Antibody-Based Therapy in Chronic Lymphocytic Leukemia	2013	10.1309/AJCPYFQ4XMGJD6TI	https://pmc.ncbi.nlm.nih.gov/articles/PMC4698892/	Table 2	Patient-level Table 2 value; sex=M; age=31
MENTINK_EPCAM_P1	EPCAM	EpCAM	P1	Patient P1 circulating tumor cells	primary patient circulating tumor cells	metastatic castration-sensitive prostate cancer	human	native	PE-calibrated quantitative flow cytometry	fluorophore_equivalent_proxy	PE-equivalent molecules/cell	patient_median	35			reported mean and SD in extraction_note	647			2		native_patient	A-	qualified	yes	Measuring antigen expression of cancer cell lines and circulating tumour cells	2023	10.1038/s41598-023-33179-y	https://www.nature.com/articles/s41598-023-33179-y	Supplementary Table 1 / main text	Primary value is median; reported mean=35; SD=647. Authors note PE molecules are representative but not exactly 1:1 with antigen.
MENTINK_EPCAM_P10	EPCAM	EpCAM	P10	Patient P10 circulating tumor cells	primary patient circulating tumor cells	metastatic castration-sensitive prostate cancer	human	native	PE-calibrated quantitative flow cytometry	fluorophore_equivalent_proxy	PE-equivalent molecules/cell	patient_median	47341			reported mean and SD in extraction_note	25556			3		native_patient	A-	qualified	yes	Measuring antigen expression of cancer cell lines and circulating tumour cells	2023	10.1038/s41598-023-33179-y	https://www.nature.com/articles/s41598-023-33179-y	Supplementary Table 1 / main text	Primary value is median; reported mean=54062; SD=25556. Authors note PE molecules are representative but not exactly 1:1 with antigen.
MENTINK_EPCAM_P11	EPCAM	EpCAM	P11	Patient P11 circulating tumor cells	primary patient circulating tumor cells	metastatic castration-sensitive prostate cancer	human	native	PE-calibrated quantitative flow cytometry	fluorophore_equivalent_proxy	PE-equivalent molecules/cell	patient_median	56935			reported mean and SD in extraction_note	31018			158		native_patient	A-	qualified	yes	Measuring antigen expression of cancer cell lines and circulating tumour cells	2023	10.1038/s41598-023-33179-y	https://www.nature.com/articles/s41598-023-33179-y	Supplementary Table 1 / main text	Primary value is median; reported mean=61018; SD=31018. Authors note PE molecules are representative but not exactly 1:1 with antigen.
MENTINK_EPCAM_P12	EPCAM	EpCAM	P12	Patient P12 circulating tumor cells	primary patient circulating tumor cells	metastatic castration-sensitive prostate cancer	human	native	PE-calibrated quantitative flow cytometry	fluorophore_equivalent_proxy	PE-equivalent molecules/cell	patient_median	57840			reported mean and SD in extraction_note	885522			1457		native_patient	A-	qualified	yes	Measuring antigen expression of cancer cell lines and circulating tumour cells	2023	10.1038/s41598-023-33179-y	https://www.nature.com/articles/s41598-023-33179-y	Supplementary Table 1 / main text	Primary value is median; reported mean=142980; SD=885522. Authors note PE molecules are representative but not exactly 1:1 with antigen.
MENTINK_EPCAM_P13	EPCAM	EpCAM	P13	Patient P13 circulating tumor cells	primary patient circulating tumor cells	metastatic castration-sensitive prostate cancer	human	native	PE-calibrated quantitative flow cytometry	fluorophore_equivalent_proxy	PE-equivalent molecules/cell	patient_median	89534			reported mean and SD in extraction_note	97280			15		native_patient	A-	qualified	yes	Measuring antigen expression of cancer cell lines and circulating tumour cells	2023	10.1038/s41598-023-33179-y	https://www.nature.com/articles/s41598-023-33179-y	Supplementary Table 1 / main text	Primary value is median; reported mean=92798; SD=97280. Authors note PE molecules are representative but not exactly 1:1 with antigen.
MENTINK_EPCAM_P2	EPCAM	EpCAM	P2	Patient P2 circulating tumor cells	primary patient circulating tumor cells	metastatic castration-sensitive prostate cancer	human	native	PE-calibrated quantitative flow cytometry	fluorophore_equivalent_proxy	PE-equivalent molecules/cell	patient_median	2714			reported mean and SD in extraction_note	6684			11		native_patient	A-	qualified	yes	Measuring antigen expression of cancer cell lines and circulating tumour cells	2023	10.1038/s41598-023-33179-y	https://www.nature.com/articles/s41598-023-33179-y	Supplementary Table 1 / main text	Primary value is median; reported mean=5439; SD=6684. Authors note PE molecules are representative but not exactly 1:1 with antigen.
MENTINK_EPCAM_P3	EPCAM	EpCAM	P3	Patient P3 circulating tumor cells	primary patient circulating tumor cells	metastatic castration-sensitive prostate cancer	human	native	PE-calibrated quantitative flow cytometry	fluorophore_equivalent_proxy	PE-equivalent molecules/cell	patient_median	3279			reported mean and SD in extraction_note	25392			59		native_patient	A-	qualified	yes	Measuring antigen expression of cancer cell lines and circulating tumour cells	2023	10.1038/s41598-023-33179-y	https://www.nature.com/articles/s41598-023-33179-y	Supplementary Table 1 / main text	Primary value is median; reported mean=6159; SD=25392. Authors note PE molecules are representative but not exactly 1:1 with antigen.
MENTINK_EPCAM_P4	EPCAM	EpCAM	P4	Patient P4 circulating tumor cells	primary patient circulating tumor cells	metastatic castration-sensitive prostate cancer	human	native	PE-calibrated quantitative flow cytometry	fluorophore_equivalent_proxy	PE-equivalent molecules/cell	patient_median	4176			reported mean and SD in extraction_note	18063			3		native_patient	A-	qualified	yes	Measuring antigen expression of cancer cell lines and circulating tumour cells	2023	10.1038/s41598-023-33179-y	https://www.nature.com/articles/s41598-023-33179-y	Supplementary Table 1 / main text	Primary value is median; reported mean=8377; SD=18063. Authors note PE molecules are representative but not exactly 1:1 with antigen.
MENTINK_EPCAM_P5	EPCAM	EpCAM	P5	Patient P5 circulating tumor cells	primary patient circulating tumor cells	metastatic castration-sensitive prostate cancer	human	native	PE-calibrated quantitative flow cytometry	fluorophore_equivalent_proxy	PE-equivalent molecules/cell	patient_median	5275			reported mean and SD in extraction_note	5620			15		native_patient	A-	qualified	yes	Measuring antigen expression of cancer cell lines and circulating tumour cells	2023	10.1038/s41598-023-33179-y	https://www.nature.com/articles/s41598-023-33179-y	Supplementary Table 1 / main text	Primary value is median; reported mean=6431; SD=5620. Authors note PE molecules are representative but not exactly 1:1 with antigen.
MENTINK_EPCAM_P6	EPCAM	EpCAM	P6	Patient P6 circulating tumor cells	primary patient circulating tumor cells	metastatic castration-sensitive prostate cancer	human	native	PE-calibrated quantitative flow cytometry	fluorophore_equivalent_proxy	PE-equivalent molecules/cell	patient_median	8995			reported mean and SD in extraction_note	3764			3		native_patient	A-	qualified	yes	Measuring antigen expression of cancer cell lines and circulating tumour cells	2023	10.1038/s41598-023-33179-y	https://www.nature.com/articles/s41598-023-33179-y	Supplementary Table 1 / main text	Primary value is median; reported mean=9823; SD=3764. Authors note PE molecules are representative but not exactly 1:1 with antigen.
MENTINK_EPCAM_P7	EPCAM	EpCAM	P7	Patient P7 circulating tumor cells	primary patient circulating tumor cells	metastatic castration-sensitive prostate cancer	human	native	PE-calibrated quantitative flow cytometry	fluorophore_equivalent_proxy	PE-equivalent molecules/cell	patient_median	11261			reported mean and SD in extraction_note	28299			106		native_patient	A-	qualified	yes	Measuring antigen expression of cancer cell lines and circulating tumour cells	2023	10.1038/s41598-023-33179-y	https://www.nature.com/articles/s41598-023-33179-y	Supplementary Table 1 / main text	Primary value is median; reported mean=23441; SD=28299. Authors note PE molecules are representative but not exactly 1:1 with antigen.
MENTINK_EPCAM_P8	EPCAM	EpCAM	P8	Patient P8 circulating tumor cells	primary patient circulating tumor cells	metastatic castration-sensitive prostate cancer	human	native	PE-calibrated quantitative flow cytometry	fluorophore_equivalent_proxy	PE-equivalent molecules/cell	patient_median	13173			reported mean and SD in extraction_note	17319			7		native_patient	A-	qualified	yes	Measuring antigen expression of cancer cell lines and circulating tumour cells	2023	10.1038/s41598-023-33179-y	https://www.nature.com/articles/s41598-023-33179-y	Supplementary Table 1 / main text	Primary value is median; reported mean=15161; SD=17319. Authors note PE molecules are representative but not exactly 1:1 with antigen.
MENTINK_EPCAM_P9	EPCAM	EpCAM	P9	Patient P9 circulating tumor cells	primary patient circulating tumor cells	metastatic castration-sensitive prostate cancer	human	native	PE-calibrated quantitative flow cytometry	fluorophore_equivalent_proxy	PE-equivalent molecules/cell	patient_median	24351			reported mean and SD in extraction_note	32648			82		native_patient	A-	qualified	yes	Measuring antigen expression of cancer cell lines and circulating tumour cells	2023	10.1038/s41598-023-33179-y	https://www.nature.com/articles/s41598-023-33179-y	Supplementary Table 1 / main text	Primary value is median; reported mean=34126; SD=32648. Authors note PE molecules are representative but not exactly 1:1 with antigen.
TEMBHARE_CLL_01_CD25	IL2RA	CD25	CLL-01	CLL patient 1	primary patient tumor cells	untreated chronic lymphocytic leukemia	human	native	Quantibrite PE calibrated flow cytometry	antibody_binding_capacity	ABC/cell	exact_reported	206									native_patient	A	yes	yes	Quantification of Expression of Antigens Targeted by Antibody-Based Therapy in Chronic Lymphocytic Leukemia	2013	10.1309/AJCPYFQ4XMGJD6TI	https://pmc.ncbi.nlm.nih.gov/articles/PMC4698892/	Table 2	Patient-level Table 2 value; sex=M; age=44
TEMBHARE_CLL_10_CD25	IL2RA	CD25	CLL-10	CLL patient 10	primary patient tumor cells	untreated chronic lymphocytic leukemia	human	native	Quantibrite PE calibrated flow cytometry	antibody_binding_capacity	ABC/cell	exact_reported	1472									native_patient	A	yes	yes	Quantification of Expression of Antigens Targeted by Antibody-Based Therapy in Chronic Lymphocytic Leukemia	2013	10.1309/AJCPYFQ4XMGJD6TI	https://pmc.ncbi.nlm.nih.gov/articles/PMC4698892/	Table 2	Patient-level Table 2 value; sex=M; age=75
TEMBHARE_CLL_11_CD25	IL2RA	CD25	CLL-11	CLL patient 11	primary patient tumor cells	untreated chronic lymphocytic leukemia	human	native	Quantibrite PE calibrated flow cytometry	antibody_binding_capacity	ABC/cell	exact_reported	308									native_patient	A	yes	yes	Quantification of Expression of Antigens Targeted by Antibody-Based Therapy in Chronic Lymphocytic Leukemia	2013	10.1309/AJCPYFQ4XMGJD6TI	https://pmc.ncbi.nlm.nih.gov/articles/PMC4698892/	Table 2	Patient-level Table 2 value; sex=M; age=61
TEMBHARE_CLL_12_CD25	IL2RA	CD25	CLL-12	CLL patient 12	primary patient tumor cells	untreated chronic lymphocytic leukemia	human	native	Quantibrite PE calibrated flow cytometry	antibody_binding_capacity	ABC/cell	exact_reported	1924									native_patient	A	yes	yes	Quantification of Expression of Antigens Targeted by Antibody-Based Therapy in Chronic Lymphocytic Leukemia	2013	10.1309/AJCPYFQ4XMGJD6TI	https://pmc.ncbi.nlm.nih.gov/articles/PMC4698892/	Table 2	Patient-level Table 2 value; sex=M; age=62
TEMBHARE_CLL_13_CD25	IL2RA	CD25	CLL-13	CLL patient 13	primary patient tumor cells	untreated chronic lymphocytic leukemia	human	native	Quantibrite PE calibrated flow cytometry	antibody_binding_capacity	ABC/cell	exact_reported	206									native_patient	A	yes	yes	Quantification of Expression of Antigens Targeted by Antibody-Based Therapy in Chronic Lymphocytic Leukemia	2013	10.1309/AJCPYFQ4XMGJD6TI	https://pmc.ncbi.nlm.nih.gov/articles/PMC4698892/	Table 2	Patient-level Table 2 value; sex=M; age=60
TEMBHARE_CLL_14_CD25	IL2RA	CD25	CLL-14	CLL patient 14	primary patient tumor cells	untreated chronic lymphocytic leukemia	human	native	Quantibrite PE calibrated flow cytometry	antibody_binding_capacity	ABC/cell	exact_reported	1229									native_patient	A	yes	yes	Quantification of Expression of Antigens Targeted by Antibody-Based Therapy in Chronic Lymphocytic Leukemia	2013	10.1309/AJCPYFQ4XMGJD6TI	https://pmc.ncbi.nlm.nih.gov/articles/PMC4698892/	Table 2	Patient-level Table 2 value; sex=M; age=50
TEMBHARE_CLL_15_CD25	IL2RA	CD25	CLL-15	CLL patient 15	primary patient tumor cells	untreated chronic lymphocytic leukemia	human	native	Quantibrite PE calibrated flow cytometry	antibody_binding_capacity	ABC/cell	exact_reported	412									native_patient	A	yes	yes	Quantification of Expression of Antigens Targeted by Antibody-Based Therapy in Chronic Lymphocytic Leukemia	2013	10.1309/AJCPYFQ4XMGJD6TI	https://pmc.ncbi.nlm.nih.gov/articles/PMC4698892/	Table 2	Patient-level Table 2 value; sex=F; age=62
TEMBHARE_CLL_17_CD25	IL2RA	CD25	CLL-17	CLL patient 17	primary patient tumor cells	untreated chronic lymphocytic leukemia	human	native	Quantibrite PE calibrated flow cytometry	antibody_binding_capacity	ABC/cell	exact_reported	555									native_patient	A	yes	yes	Quantification of Expression of Antigens Targeted by Antibody-Based Therapy in Chronic Lymphocytic Leukemia	2013	10.1309/AJCPYFQ4XMGJD6TI	https://pmc.ncbi.nlm.nih.gov/articles/PMC4698892/	Table 2	Patient-level Table 2 value; sex=M; age=63
TEMBHARE_CLL_18_CD25	IL2RA	CD25	CLL-18	CLL patient 18	primary patient tumor cells	untreated chronic lymphocytic leukemia	human	native	Quantibrite PE calibrated flow cytometry	antibody_binding_capacity	ABC/cell	exact_reported	1238									native_patient	A	yes	yes	Quantification of Expression of Antigens Targeted by Antibody-Based Therapy in Chronic Lymphocytic Leukemia	2013	10.1309/AJCPYFQ4XMGJD6TI	https://pmc.ncbi.nlm.nih.gov/articles/PMC4698892/	Table 2	Patient-level Table 2 value; sex=M; age=45
TEMBHARE_CLL_19_CD25	IL2RA	CD25	CLL-19	CLL patient 19	primary patient tumor cells	untreated chronic lymphocytic leukemia	human	native	Quantibrite PE calibrated flow cytometry	antibody_binding_capacity	ABC/cell	exact_reported	1792									native_patient	A	yes	yes	Quantification of Expression of Antigens Targeted by Antibody-Based Therapy in Chronic Lymphocytic Leukemia	2013	10.1309/AJCPYFQ4XMGJD6TI	https://pmc.ncbi.nlm.nih.gov/articles/PMC4698892/	Table 2	Patient-level Table 2 value; sex=F; age=66
TEMBHARE_CLL_02_CD25	IL2RA	CD25	CLL-02	CLL patient 2	primary patient tumor cells	untreated chronic lymphocytic leukemia	human	native	Quantibrite PE calibrated flow cytometry	antibody_binding_capacity	ABC/cell	exact_reported	461									native_patient	A	yes	yes	Quantification of Expression of Antigens Targeted by Antibody-Based Therapy in Chronic Lymphocytic Leukemia	2013	10.1309/AJCPYFQ4XMGJD6TI	https://pmc.ncbi.nlm.nih.gov/articles/PMC4698892/	Table 2	Patient-level Table 2 value; sex=F; age=61
TEMBHARE_CLL_21_CD25	IL2RA	CD25	CLL-21	CLL patient 21	primary patient tumor cells	untreated chronic lymphocytic leukemia	human	native	Quantibrite PE calibrated flow cytometry	antibody_binding_capacity	ABC/cell	exact_reported	742									native_patient	A	yes	yes	Quantification of Expression of Antigens Targeted by Antibody-Based Therapy in Chronic Lymphocytic Leukemia	2013	10.1309/AJCPYFQ4XMGJD6TI	https://pmc.ncbi.nlm.nih.gov/articles/PMC4698892/	Table 2	Patient-level Table 2 value; sex=M; age=58
TEMBHARE_CLL_23_CD25	IL2RA	CD25	CLL-23	CLL patient 23	primary patient tumor cells	untreated chronic lymphocytic leukemia	human	native	Quantibrite PE calibrated flow cytometry	antibody_binding_capacity	ABC/cell	exact_reported	1038									native_patient	A	yes	yes	Quantification of Expression of Antigens Targeted by Antibody-Based Therapy in Chronic Lymphocytic Leukemia	2013	10.1309/AJCPYFQ4XMGJD6TI	https://pmc.ncbi.nlm.nih.gov/articles/PMC4698892/	Table 2	Patient-level Table 2 value; sex=M; age=52
TEMBHARE_CLL_24_CD25	IL2RA	CD25	CLL-24	CLL patient 24	primary patient tumor cells	untreated chronic lymphocytic leukemia	human	native	Quantibrite PE calibrated flow cytometry	antibody_binding_capacity	ABC/cell	exact_reported	341									native_patient	A	yes	yes	Quantification of Expression of Antigens Targeted by Antibody-Based Therapy in Chronic Lymphocytic Leukemia	2013	10.1309/AJCPYFQ4XMGJD6TI	https://pmc.ncbi.nlm.nih.gov/articles/PMC4698892/	Table 2	Patient-level Table 2 value; sex=F; age=64
TEMBHARE_CLL_25_CD25	IL2RA	CD25	CLL-25	CLL patient 25	primary patient tumor cells	untreated chronic lymphocytic leukemia	human	native	Quantibrite PE calibrated flow cytometry	antibody_binding_capacity	ABC/cell	exact_reported	310									native_patient	A	yes	yes	Quantification of Expression of Antigens Targeted by Antibody-Based Therapy in Chronic Lymphocytic Leukemia	2013	10.1309/AJCPYFQ4XMGJD6TI	https://pmc.ncbi.nlm.nih.gov/articles/PMC4698892/	Table 2	Patient-level Table 2 value; sex=F; age=62
TEMBHARE_CLL_26_CD25	IL2RA	CD25	CLL-26	CLL patient 26	primary patient tumor cells	untreated chronic lymphocytic leukemia	human	native	Quantibrite PE calibrated flow cytometry	antibody_binding_capacity	ABC/cell	exact_reported	754									native_patient	A	yes	yes	Quantification of Expression of Antigens Targeted by Antibody-Based Therapy in Chronic Lymphocytic Leukemia	2013	10.1309/AJCPYFQ4XMGJD6TI	https://pmc.ncbi.nlm.nih.gov/articles/PMC4698892/	Table 2	Patient-level Table 2 value; sex=M; age=58
TEMBHARE_CLL_27_CD25	IL2RA	CD25	CLL-27	CLL patient 27	primary patient tumor cells	untreated chronic lymphocytic leukemia	human	native	Quantibrite PE calibrated flow cytometry	antibody_binding_capacity	ABC/cell	exact_reported	535									native_patient	A	yes	yes	Quantification of Expression of Antigens Targeted by Antibody-Based Therapy in Chronic Lymphocytic Leukemia	2013	10.1309/AJCPYFQ4XMGJD6TI	https://pmc.ncbi.nlm.nih.gov/articles/PMC4698892/	Table 2	Patient-level Table 2 value; sex=M; age=65
TEMBHARE_CLL_28_CD25	IL2RA	CD25	CLL-28	CLL patient 28	primary patient tumor cells	untreated chronic lymphocytic leukemia	human	native	Quantibrite PE calibrated flow cytometry	antibody_binding_capacity	ABC/cell	exact_reported	417									native_patient	A	yes	yes	Quantification of Expression of Antigens Targeted by Antibody-Based Therapy in Chronic Lymphocytic Leukemia	2013	10.1309/AJCPYFQ4XMGJD6TI	https://pmc.ncbi.nlm.nih.gov/articles/PMC4698892/	Table 2	Patient-level Table 2 value; sex=M; age=79
TEMBHARE_CLL_03_CD25	IL2RA	CD25	CLL-03	CLL patient 3	primary patient tumor cells	untreated chronic lymphocytic leukemia	human	native	Quantibrite PE calibrated flow cytometry	antibody_binding_capacity	ABC/cell	exact_reported	1061									native_patient	A	yes	yes	Quantification of Expression of Antigens Targeted by Antibody-Based Therapy in Chronic Lymphocytic Leukemia	2013	10.1309/AJCPYFQ4XMGJD6TI	https://pmc.ncbi.nlm.nih.gov/articles/PMC4698892/	Table 2	Patient-level Table 2 value; sex=M; age=63
TEMBHARE_CLL_04_CD25	IL2RA	CD25	CLL-04	CLL patient 4	primary patient tumor cells	untreated chronic lymphocytic leukemia	human	native	Quantibrite PE calibrated flow cytometry	antibody_binding_capacity	ABC/cell	exact_reported	825									native_patient	A	yes	yes	Quantification of Expression of Antigens Targeted by Antibody-Based Therapy in Chronic Lymphocytic Leukemia	2013	10.1309/AJCPYFQ4XMGJD6TI	https://pmc.ncbi.nlm.nih.gov/articles/PMC4698892/	Table 2	Patient-level Table 2 value; sex=M; age=72
TEMBHARE_CLL_05_CD25	IL2RA	CD25	CLL-05	CLL patient 5	primary patient tumor cells	untreated chronic lymphocytic leukemia	human	native	Quantibrite PE calibrated flow cytometry	antibody_binding_capacity	ABC/cell	exact_reported	977									native_patient	A	yes	yes	Quantification of Expression of Antigens Targeted by Antibody-Based Therapy in Chronic Lymphocytic Leukemia	2013	10.1309/AJCPYFQ4XMGJD6TI	https://pmc.ncbi.nlm.nih.gov/articles/PMC4698892/	Table 2	Patient-level Table 2 value; sex=M; age=65
TEMBHARE_CLL_06_CD25	IL2RA	CD25	CLL-06	CLL patient 6	primary patient tumor cells	untreated chronic lymphocytic leukemia	human	native	Quantibrite PE calibrated flow cytometry	antibody_binding_capacity	ABC/cell	exact_reported	1576									native_patient	A	yes	yes	Quantification of Expression of Antigens Targeted by Antibody-Based Therapy in Chronic Lymphocytic Leukemia	2013	10.1309/AJCPYFQ4XMGJD6TI	https://pmc.ncbi.nlm.nih.gov/articles/PMC4698892/	Table 2	Patient-level Table 2 value; sex=F; age=66
TEMBHARE_CLL_07_CD25	IL2RA	CD25	CLL-07	CLL patient 7	primary patient tumor cells	untreated chronic lymphocytic leukemia	human	native	Quantibrite PE calibrated flow cytometry	antibody_binding_capacity	ABC/cell	exact_reported	1122									native_patient	A	yes	yes	Quantification of Expression of Antigens Targeted by Antibody-Based Therapy in Chronic Lymphocytic Leukemia	2013	10.1309/AJCPYFQ4XMGJD6TI	https://pmc.ncbi.nlm.nih.gov/articles/PMC4698892/	Table 2	Patient-level Table 2 value; sex=F; age=77
TEMBHARE_CLL_08_CD25	IL2RA	CD25	CLL-08	CLL patient 8	primary patient tumor cells	untreated chronic lymphocytic leukemia	human	native	Quantibrite PE calibrated flow cytometry	antibody_binding_capacity	ABC/cell	exact_reported	661									native_patient	A	yes	yes	Quantification of Expression of Antigens Targeted by Antibody-Based Therapy in Chronic Lymphocytic Leukemia	2013	10.1309/AJCPYFQ4XMGJD6TI	https://pmc.ncbi.nlm.nih.gov/articles/PMC4698892/	Table 2	Patient-level Table 2 value; sex=M; age=60
TEMBHARE_CLL_01_CD20	MS4A1	CD20	CLL-01	CLL patient 1	primary patient tumor cells	untreated chronic lymphocytic leukemia	human	native	Quantibrite PE calibrated flow cytometry	antibody_binding_capacity	ABC/cell	exact_reported	3928									native_patient	A	yes	yes	Quantification of Expression of Antigens Targeted by Antibody-Based Therapy in Chronic Lymphocytic Leukemia	2013	10.1309/AJCPYFQ4XMGJD6TI	https://pmc.ncbi.nlm.nih.gov/articles/PMC4698892/	Table 2	Patient-level Table 2 value; sex=M; age=44
TEMBHARE_CLL_10_CD20	MS4A1	CD20	CLL-10	CLL patient 10	primary patient tumor cells	untreated chronic lymphocytic leukemia	human	native	Quantibrite PE calibrated flow cytometry	antibody_binding_capacity	ABC/cell	exact_reported	4717									native_patient	A	yes	yes	Quantification of Expression of Antigens Targeted by Antibody-Based Therapy in Chronic Lymphocytic Leukemia	2013	10.1309/AJCPYFQ4XMGJD6TI	https://pmc.ncbi.nlm.nih.gov/articles/PMC4698892/	Table 2	Patient-level Table 2 value; sex=M; age=75
TEMBHARE_CLL_11_CD20	MS4A1	CD20	CLL-11	CLL patient 11	primary patient tumor cells	untreated chronic lymphocytic leukemia	human	native	Quantibrite PE calibrated flow cytometry	antibody_binding_capacity	ABC/cell	exact_reported	6010									native_patient	A	yes	yes	Quantification of Expression of Antigens Targeted by Antibody-Based Therapy in Chronic Lymphocytic Leukemia	2013	10.1309/AJCPYFQ4XMGJD6TI	https://pmc.ncbi.nlm.nih.gov/articles/PMC4698892/	Table 2	Patient-level Table 2 value; sex=M; age=61
TEMBHARE_CLL_12_CD20	MS4A1	CD20	CLL-12	CLL patient 12	primary patient tumor cells	untreated chronic lymphocytic leukemia	human	native	Quantibrite PE calibrated flow cytometry	antibody_binding_capacity	ABC/cell	exact_reported	5681									native_patient	A	yes	yes	Quantification of Expression of Antigens Targeted by Antibody-Based Therapy in Chronic Lymphocytic Leukemia	2013	10.1309/AJCPYFQ4XMGJD6TI	https://pmc.ncbi.nlm.nih.gov/articles/PMC4698892/	Table 2	Patient-level Table 2 value; sex=M; age=62
TEMBHARE_CLL_13_CD20	MS4A1	CD20	CLL-13	CLL patient 13	primary patient tumor cells	untreated chronic lymphocytic leukemia	human	native	Quantibrite PE calibrated flow cytometry	antibody_binding_capacity	ABC/cell	exact_reported	15233									native_patient	A	yes	yes	Quantification of Expression of Antigens Targeted by Antibody-Based Therapy in Chronic Lymphocytic Leukemia	2013	10.1309/AJCPYFQ4XMGJD6TI	https://pmc.ncbi.nlm.nih.gov/articles/PMC4698892/	Table 2	Patient-level Table 2 value; sex=M; age=60
TEMBHARE_CLL_14_CD20	MS4A1	CD20	CLL-14	CLL patient 14	primary patient tumor cells	untreated chronic lymphocytic leukemia	human	native	Quantibrite PE calibrated flow cytometry	antibody_binding_capacity	ABC/cell	exact_reported	8778									native_patient	A	yes	yes	Quantification of Expression of Antigens Targeted by Antibody-Based Therapy in Chronic Lymphocytic Leukemia	2013	10.1309/AJCPYFQ4XMGJD6TI	https://pmc.ncbi.nlm.nih.gov/articles/PMC4698892/	Table 2	Patient-level Table 2 value; sex=M; age=50
TEMBHARE_CLL_15_CD20	MS4A1	CD20	CLL-15	CLL patient 15	primary patient tumor cells	untreated chronic lymphocytic leukemia	human	native	Quantibrite PE calibrated flow cytometry	antibody_binding_capacity	ABC/cell	exact_reported	9133									native_patient	A	yes	yes	Quantification of Expression of Antigens Targeted by Antibody-Based Therapy in Chronic Lymphocytic Leukemia	2013	10.1309/AJCPYFQ4XMGJD6TI	https://pmc.ncbi.nlm.nih.gov/articles/PMC4698892/	Table 2	Patient-level Table 2 value; sex=F; age=62
TEMBHARE_CLL_16_CD20	MS4A1	CD20	CLL-16	CLL patient 16	primary patient tumor cells	untreated chronic lymphocytic leukemia	human	native	Quantibrite PE calibrated flow cytometry	antibody_binding_capacity	ABC/cell	exact_reported	11609									native_patient	A	yes	yes	Quantification of Expression of Antigens Targeted by Antibody-Based Therapy in Chronic Lymphocytic Leukemia	2013	10.1309/AJCPYFQ4XMGJD6TI	https://pmc.ncbi.nlm.nih.gov/articles/PMC4698892/	Table 2	Patient-level Table 2 value; sex=F; age=55
TEMBHARE_CLL_17_CD20	MS4A1	CD20	CLL-17	CLL patient 17	primary patient tumor cells	untreated chronic lymphocytic leukemia	human	native	Quantibrite PE calibrated flow cytometry	antibody_binding_capacity	ABC/cell	exact_reported	19313									native_patient	A	yes	yes	Quantification of Expression of Antigens Targeted by Antibody-Based Therapy in Chronic Lymphocytic Leukemia	2013	10.1309/AJCPYFQ4XMGJD6TI	https://pmc.ncbi.nlm.nih.gov/articles/PMC4698892/	Table 2	Patient-level Table 2 value; sex=M; age=63
TEMBHARE_CLL_18_CD20	MS4A1	CD20	CLL-18	CLL patient 18	primary patient tumor cells	untreated chronic lymphocytic leukemia	human	native	Quantibrite PE calibrated flow cytometry	antibody_binding_capacity	ABC/cell	exact_reported	11955									native_patient	A	yes	yes	Quantification of Expression of Antigens Targeted by Antibody-Based Therapy in Chronic Lymphocytic Leukemia	2013	10.1309/AJCPYFQ4XMGJD6TI	https://pmc.ncbi.nlm.nih.gov/articles/PMC4698892/	Table 2	Patient-level Table 2 value; sex=M; age=45
TEMBHARE_CLL_19_CD20	MS4A1	CD20	CLL-19	CLL patient 19	primary patient tumor cells	untreated chronic lymphocytic leukemia	human	native	Quantibrite PE calibrated flow cytometry	antibody_binding_capacity	ABC/cell	exact_reported	8950									native_patient	A	yes	yes	Quantification of Expression of Antigens Targeted by Antibody-Based Therapy in Chronic Lymphocytic Leukemia	2013	10.1309/AJCPYFQ4XMGJD6TI	https://pmc.ncbi.nlm.nih.gov/articles/PMC4698892/	Table 2	Patient-level Table 2 value; sex=F; age=66
TEMBHARE_CLL_02_CD20	MS4A1	CD20	CLL-02	CLL patient 2	primary patient tumor cells	untreated chronic lymphocytic leukemia	human	native	Quantibrite PE calibrated flow cytometry	antibody_binding_capacity	ABC/cell	exact_reported	9625									native_patient	A	yes	yes	Quantification of Expression of Antigens Targeted by Antibody-Based Therapy in Chronic Lymphocytic Leukemia	2013	10.1309/AJCPYFQ4XMGJD6TI	https://pmc.ncbi.nlm.nih.gov/articles/PMC4698892/	Table 2	Patient-level Table 2 value; sex=F; age=61
TEMBHARE_CLL_20_CD20	MS4A1	CD20	CLL-20	CLL patient 20	primary patient tumor cells	untreated chronic lymphocytic leukemia	human	native	Quantibrite PE calibrated flow cytometry	antibody_binding_capacity	ABC/cell	exact_reported	35946									native_patient	A	yes	yes	Quantification of Expression of Antigens Targeted by Antibody-Based Therapy in Chronic Lymphocytic Leukemia	2013	10.1309/AJCPYFQ4XMGJD6TI	https://pmc.ncbi.nlm.nih.gov/articles/PMC4698892/	Table 2	Patient-level Table 2 value; sex=F; age=67
TEMBHARE_CLL_21_CD20	MS4A1	CD20	CLL-21	CLL patient 21	primary patient tumor cells	untreated chronic lymphocytic leukemia	human	native	Quantibrite PE calibrated flow cytometry	antibody_binding_capacity	ABC/cell	exact_reported	21448									native_patient	A	yes	yes	Quantification of Expression of Antigens Targeted by Antibody-Based Therapy in Chronic Lymphocytic Leukemia	2013	10.1309/AJCPYFQ4XMGJD6TI	https://pmc.ncbi.nlm.nih.gov/articles/PMC4698892/	Table 2	Patient-level Table 2 value; sex=M; age=58
TEMBHARE_CLL_22_CD20	MS4A1	CD20	CLL-22	CLL patient 22	primary patient tumor cells	untreated chronic lymphocytic leukemia	human	native	Quantibrite PE calibrated flow cytometry	antibody_binding_capacity	ABC/cell	exact_reported	11360									native_patient	A	yes	yes	Quantification of Expression of Antigens Targeted by Antibody-Based Therapy in Chronic Lymphocytic Leukemia	2013	10.1309/AJCPYFQ4XMGJD6TI	https://pmc.ncbi.nlm.nih.gov/articles/PMC4698892/	Table 2	Patient-level Table 2 value; sex=M; age=47
TEMBHARE_CLL_23_CD20	MS4A1	CD20	CLL-23	CLL patient 23	primary patient tumor cells	untreated chronic lymphocytic leukemia	human	native	Quantibrite PE calibrated flow cytometry	antibody_binding_capacity	ABC/cell	exact_reported	2206									native_patient	A	yes	yes	Quantification of Expression of Antigens Targeted by Antibody-Based Therapy in Chronic Lymphocytic Leukemia	2013	10.1309/AJCPYFQ4XMGJD6TI	https://pmc.ncbi.nlm.nih.gov/articles/PMC4698892/	Table 2	Patient-level Table 2 value; sex=M; age=52
TEMBHARE_CLL_24_CD20	MS4A1	CD20	CLL-24	CLL patient 24	primary patient tumor cells	untreated chronic lymphocytic leukemia	human	native	Quantibrite PE calibrated flow cytometry	antibody_binding_capacity	ABC/cell	exact_reported	35385									native_patient	A	yes	yes	Quantification of Expression of Antigens Targeted by Antibody-Based Therapy in Chronic Lymphocytic Leukemia	2013	10.1309/AJCPYFQ4XMGJD6TI	https://pmc.ncbi.nlm.nih.gov/articles/PMC4698892/	Table 2	Patient-level Table 2 value; sex=F; age=64
TEMBHARE_CLL_25_CD20	MS4A1	CD20	CLL-25	CLL patient 25	primary patient tumor cells	untreated chronic lymphocytic leukemia	human	native	Quantibrite PE calibrated flow cytometry	antibody_binding_capacity	ABC/cell	exact_reported	5876									native_patient	A	yes	yes	Quantification of Expression of Antigens Targeted by Antibody-Based Therapy in Chronic Lymphocytic Leukemia	2013	10.1309/AJCPYFQ4XMGJD6TI	https://pmc.ncbi.nlm.nih.gov/articles/PMC4698892/	Table 2	Patient-level Table 2 value; sex=F; age=62
TEMBHARE_CLL_26_CD20	MS4A1	CD20	CLL-26	CLL patient 26	primary patient tumor cells	untreated chronic lymphocytic leukemia	human	native	Quantibrite PE calibrated flow cytometry	antibody_binding_capacity	ABC/cell	exact_reported	11630									native_patient	A	yes	yes	Quantification of Expression of Antigens Targeted by Antibody-Based Therapy in Chronic Lymphocytic Leukemia	2013	10.1309/AJCPYFQ4XMGJD6TI	https://pmc.ncbi.nlm.nih.gov/articles/PMC4698892/	Table 2	Patient-level Table 2 value; sex=M; age=58
TEMBHARE_CLL_27_CD20	MS4A1	CD20	CLL-27	CLL patient 27	primary patient tumor cells	untreated chronic lymphocytic leukemia	human	native	Quantibrite PE calibrated flow cytometry	antibody_binding_capacity	ABC/cell	exact_reported	3392									native_patient	A	yes	yes	Quantification of Expression of Antigens Targeted by Antibody-Based Therapy in Chronic Lymphocytic Leukemia	2013	10.1309/AJCPYFQ4XMGJD6TI	https://pmc.ncbi.nlm.nih.gov/articles/PMC4698892/	Table 2	Patient-level Table 2 value; sex=M; age=65
TEMBHARE_CLL_28_CD20	MS4A1	CD20	CLL-28	CLL patient 28	primary patient tumor cells	untreated chronic lymphocytic leukemia	human	native	Quantibrite PE calibrated flow cytometry	antibody_binding_capacity	ABC/cell	exact_reported	18385									native_patient	A	yes	yes	Quantification of Expression of Antigens Targeted by Antibody-Based Therapy in Chronic Lymphocytic Leukemia	2013	10.1309/AJCPYFQ4XMGJD6TI	https://pmc.ncbi.nlm.nih.gov/articles/PMC4698892/	Table 2	Patient-level Table 2 value; sex=M; age=79
TEMBHARE_CLL_03_CD20	MS4A1	CD20	CLL-03	CLL patient 3	primary patient tumor cells	untreated chronic lymphocytic leukemia	human	native	Quantibrite PE calibrated flow cytometry	antibody_binding_capacity	ABC/cell	exact_reported	27411									native_patient	A	yes	yes	Quantification of Expression of Antigens Targeted by Antibody-Based Therapy in Chronic Lymphocytic Leukemia	2013	10.1309/AJCPYFQ4XMGJD6TI	https://pmc.ncbi.nlm.nih.gov/articles/PMC4698892/	Table 2	Patient-level Table 2 value; sex=M; age=63
TEMBHARE_CLL_04_CD20	MS4A1	CD20	CLL-04	CLL patient 4	primary patient tumor cells	untreated chronic lymphocytic leukemia	human	native	Quantibrite PE calibrated flow cytometry	antibody_binding_capacity	ABC/cell	exact_reported	3729									native_patient	A	yes	yes	Quantification of Expression of Antigens Targeted by Antibody-Based Therapy in Chronic Lymphocytic Leukemia	2013	10.1309/AJCPYFQ4XMGJD6TI	https://pmc.ncbi.nlm.nih.gov/articles/PMC4698892/	Table 2	Patient-level Table 2 value; sex=M; age=72
TEMBHARE_CLL_05_CD20	MS4A1	CD20	CLL-05	CLL patient 5	primary patient tumor cells	untreated chronic lymphocytic leukemia	human	native	Quantibrite PE calibrated flow cytometry	antibody_binding_capacity	ABC/cell	exact_reported	8974									native_patient	A	yes	yes	Quantification of Expression of Antigens Targeted by Antibody-Based Therapy in Chronic Lymphocytic Leukemia	2013	10.1309/AJCPYFQ4XMGJD6TI	https://pmc.ncbi.nlm.nih.gov/articles/PMC4698892/	Table 2	Patient-level Table 2 value; sex=M; age=65
TEMBHARE_CLL_06_CD20	MS4A1	CD20	CLL-06	CLL patient 6	primary patient tumor cells	untreated chronic lymphocytic leukemia	human	native	Quantibrite PE calibrated flow cytometry	antibody_binding_capacity	ABC/cell	exact_reported	7847									native_patient	A	yes	yes	Quantification of Expression of Antigens Targeted by Antibody-Based Therapy in Chronic Lymphocytic Leukemia	2013	10.1309/AJCPYFQ4XMGJD6TI	https://pmc.ncbi.nlm.nih.gov/articles/PMC4698892/	Table 2	Patient-level Table 2 value; sex=F; age=66
TEMBHARE_CLL_07_CD20	MS4A1	CD20	CLL-07	CLL patient 7	primary patient tumor cells	untreated chronic lymphocytic leukemia	human	native	Quantibrite PE calibrated flow cytometry	antibody_binding_capacity	ABC/cell	exact_reported	9496									native_patient	A	yes	yes	Quantification of Expression of Antigens Targeted by Antibody-Based Therapy in Chronic Lymphocytic Leukemia	2013	10.1309/AJCPYFQ4XMGJD6TI	https://pmc.ncbi.nlm.nih.gov/articles/PMC4698892/	Table 2	Patient-level Table 2 value; sex=F; age=77
TEMBHARE_CLL_08_CD20	MS4A1	CD20	CLL-08	CLL patient 8	primary patient tumor cells	untreated chronic lymphocytic leukemia	human	native	Quantibrite PE calibrated flow cytometry	antibody_binding_capacity	ABC/cell	exact_reported	10203									native_patient	A	yes	yes	Quantification of Expression of Antigens Targeted by Antibody-Based Therapy in Chronic Lymphocytic Leukemia	2013	10.1309/AJCPYFQ4XMGJD6TI	https://pmc.ncbi.nlm.nih.gov/articles/PMC4698892/	Table 2	Patient-level Table 2 value; sex=M; age=60
TEMBHARE_CLL_09_CD20	MS4A1	CD20	CLL-09	CLL patient 9	primary patient tumor cells	untreated chronic lymphocytic leukemia	human	native	Quantibrite PE calibrated flow cytometry	antibody_binding_capacity	ABC/cell	exact_reported	12827									native_patient	A	yes	yes	Quantification of Expression of Antigens Targeted by Antibody-Based Therapy in Chronic Lymphocytic Leukemia	2013	10.1309/AJCPYFQ4XMGJD6TI	https://pmc.ncbi.nlm.nih.gov/articles/PMC4698892/	Table 2	Patient-level Table 2 value; sex=M; age=31
GEIGER_FOLR1_HBEpiC	FOLR1	FOLR1	HBEpiC	HBEpiC	primary normal cells	normal epithelial reference	human	native	QIFIKIT calibrated flow cytometry	antigen_binding_sites	ABS/cell	upper_bound			1000							normal_reference	A-N	yes	yes	Protease-activation using anti-idiotypic masks enables tumor specificity of a folate receptor 1-T cell bispecific antibody	2020	10.1038/s41467-020-16838-w	https://www.nature.com/articles/s41467-020-16838-w.pdf	Results, p.4	Main-text upper bound (<1,000 ABS/cell).
GEIGER_FOLR1_HrcEpiC	FOLR1	FOLR1	HrcEpiC	HrcEpiC	primary normal cells	normal epithelial reference	human	native	QIFIKIT calibrated flow cytometry	antigen_binding_sites	ABS/cell	upper_bound			1000							normal_reference	A-N	yes	yes	Protease-activation using anti-idiotypic masks enables tumor specificity of a folate receptor 1-T cell bispecific antibody	2020	10.1038/s41467-020-16838-w	https://www.nature.com/articles/s41467-020-16838-w.pdf	Results, p.4	Main-text upper bound (<1,000 ABS/cell).
